signal,time_s,value
"Mech_RPM",66063.9,-498.496
"Mech_RPM",66063.9,-498.433
"Mech_RPM",66063.9,-498.433
"Mech_RPM",66063.9,-498.542
"Mech_RPM",66063.9,-498.542
"Mech_RPM",66063.9,-498.572
"Mech_RPM",66063.9,-498.572
"Mech_RPM",66063.9,-498.562
"Mech_RPM",66064,-498.562
"Mech_RPM",66064,-498.582
"Mech_RPM",66064,-498.582
"Mech_RPM",66064,-498.588
"Mech_RPM",66064,-498.588
"Mech_RPM",66064,-498.522
"Mech_RPM",66064,-498.522
"Mech_RPM",66064,-498.537
"Mech_RPM",66064,-498.537
"Mech_RPM",66064,-498.486
"Mech_RPM",66064,-498.486
"Mech_RPM",66064.1,-498.458
"Mech_RPM",66064.1,-498.458
"Mech_RPM",66064.1,-498.584
"Mech_RPM",66064.1,-498.584
"Mech_RPM",66064.1,-498.563
"Mech_RPM",66064.1,-498.563
"Mech_RPM",66064.1,-498.426
"Mech_RPM",66064.1,-498.426
"Mech_RPM",66064.1,-498.449
"Mech_RPM",66064.1,-498.449
"Mech_RPM",66064.2,-498.589
"Mech_RPM",66064.2,-498.589
"Mech_RPM",66064.2,-498.456
"Mech_RPM",66064.2,-498.456
"Mech_RPM",66064.2,-498.471
"Mech_RPM",66064.2,-498.471
"Mech_RPM",66064.2,-498.573
"Mech_RPM",66064.2,-498.573
"Mech_RPM",66064.2,-498.532
"Mech_RPM",66064.2,-498.532
"Mech_RPM",66064.3,-498.452
"Mech_RPM",66064.3,-498.452
"Mech_RPM",66064.3,-498.596
"Mech_RPM",66064.3,-498.596
"Mech_RPM",66064.3,-498.567
"Mech_RPM",66064.3,-498.567
"Mech_RPM",66064.3,-498.57
"Mech_RPM",66064.3,-498.57
"Mech_RPM",66064.3,-498.478
"Mech_RPM",66064.4,-498.478
"Mech_RPM",66064.4,-498.434
"Mech_RPM",66064.4,-498.434
"Mech_RPM",66064.4,-498.538
"Mech_RPM",66064.4,-498.538
"Mech_RPM",66064.4,-498.474
"Mech_RPM",66064.4,-498.474
"Mech_RPM",66064.4,-498.552
"Mech_RPM",66064.4,-498.552
"Mech_RPM",66064.4,-498.476
"Mech_RPM",66064.4,-498.476
"Mech_RPM",66064.5,-498.594
"Mech_RPM",66064.5,-498.594
"Mech_RPM",66064.5,-498.432
"Mech_RPM",66064.5,-498.432
"Mech_RPM",66064.5,-498.551
"Mech_RPM",66064.5,-498.551
"Mech_RPM",66064.5,-498.582
"Mech_RPM",66064.5,-498.582
"Mech_RPM",66064.5,-498.563
"Mech_RPM",66064.5,-498.563
"Mech_RPM",66064.6,-498.474
"Mech_RPM",66064.6,-498.474
"Mech_RPM",66064.6,-498.477
"Mech_RPM",66064.6,-498.477
"Mech_RPM",66064.6,-498.429
"Mech_RPM",66064.6,-498.429
"Mech_RPM",66064.6,-498.455
"Mech_RPM",66064.6,-498.455
"Mech_RPM",66064.6,-498.584
"Mech_RPM",66064.6,-498.584
"Mech_RPM",66064.7,-498.535
"Mech_RPM",66064.7,-498.535
"Mech_RPM",66064.7,-498.563
"Mech_RPM",66064.7,-498.563
"Mech_RPM",66064.7,-498.508
"Mech_RPM",66064.7,-498.508
"Mech_RPM",66064.8,-498.441
"Mech_RPM",66064.8,-498.441
"Mech_RPM",66064.8,-498.553
"Mech_RPM",66064.8,-498.553
"Mech_RPM",66064.8,-498.485
"Mech_RPM",66064.8,-498.485
"Mech_RPM",66064.8,-498.457
"Mech_RPM",66064.8,-498.457
"Mech_RPM",66064.9,-498.479
"Mech_RPM",66064.9,-498.479
"Mech_RPM",66064.9,-498.493
"Mech_RPM",66064.9,-498.493
"Mech_RPM",66064.9,-498.448
"Mech_RPM",66064.9,-498.448
"Mech_RPM",66065,-498.452
"Mech_RPM",66065,-498.452
"Mech_RPM",66065,-498.494
"Mech_RPM",66065,-498.494
"Mech_RPM",66065,-498.552
"Mech_RPM",66065,-498.472
"Mech_RPM",66065,-498.587
"Mech_RPM",66065.1,-498.587
"Mech_RPM",66065.1,-498.54
"Mech_RPM",66065.1,-498.54
"Mech_RPM",66065.1,-498.586
"Mech_RPM",66065.1,-498.586
"Mech_RPM",66065.1,-498.595
"Mech_RPM",66065.2,-498.595
"Mech_RPM",66065.2,-498.448
"Mech_RPM",66065.2,-498.448
"Mech_RPM",66065.2,-498.533
"Mech_RPM",66065.2,-498.533
"Mech_RPM",66065.2,-498.581
"Mech_RPM",66065.2,-498.581
"Mech_RPM",66065.2,-498.538
"Mech_RPM",66065.2,-498.538
"Mech_RPM",66065.2,-498.472
"Mech_RPM",66065.3,-498.472
"Mech_RPM",66065.3,-498.515
"Mech_RPM",66065.3,-498.515
"Mech_RPM",66065.3,-498.441
"Mech_RPM",66065.3,-498.441
"Mech_RPM",66065.3,-498.468
"Mech_RPM",66065.3,-498.468
"Mech_RPM",66065.3,-498.477
"Mech_RPM",66065.3,-498.477
"Mech_RPM",66065.3,-498.544
"Mech_RPM",66065.3,-498.544
"Mech_RPM",66065.4,-498.604
"Mech_RPM",66065.4,-498.604
"Mech_RPM",66065.4,-498.505
"Mech_RPM",66065.4,-498.505
"Mech_RPM",66065.4,-498.437
"Mech_RPM",66065.4,-498.437
"Mech_RPM",66065.4,-498.447
"Mech_RPM",66065.4,-498.447
"Mech_RPM",66065.4,-498.59
"Mech_RPM",66065.4,-498.59
"Mech_RPM",66065.4,-498.546
"Mech_RPM",66065.4,-498.546
"Mech_RPM",66065.5,-498.573
"Mech_RPM",66065.5,-498.573
"Mech_RPM",66065.5,-498.593
"Mech_RPM",66065.5,-498.593
"Mech_RPM",66065.5,-498.524
"Mech_RPM",66065.5,-498.524
"Mech_RPM",66065.5,-498.449
"Mech_RPM",66065.5,-498.449
"Mech_RPM",66065.5,-498.506
"Mech_RPM",66065.5,-498.506
"Mech_RPM",66065.5,-498.466
"Mech_RPM",66065.6,-498.466
"Mech_RPM",66065.6,-498.474
"Mech_RPM",66065.6,-498.474
"Mech_RPM",66065.6,-498.511
"Mech_RPM",66065.6,-498.511
"Mech_RPM",66065.6,-498.447
"Mech_RPM",66065.6,-498.447
"Mech_RPM",66065.6,-498.447
"Mech_RPM",66065.6,-498.447
"Mech_RPM",66065.6,-498.595
"Mech_RPM",66065.7,-498.595
"Mech_RPM",66065.7,-498.661
"Mech_RPM",66065.7,-498.661
"Mech_RPM",66065.7,-498.606
"Mech_RPM",66065.7,-498.606
"Mech_RPM",66065.7,-498.506
"Mech_RPM",66065.7,-498.506
"Mech_RPM",66065.7,-498.541
"Mech_RPM",66065.7,-498.541
"Mech_RPM",66065.7,-498.448
"Mech_RPM",66065.7,-498.448
"Mech_RPM",66065.8,-498.594
"Mech_RPM",66065.8,-498.594
"Mech_RPM",66065.8,-498.459
"Mech_RPM",66065.8,-498.459
"Mech_RPM",66065.8,-498.603
"Mech_RPM",66065.8,-498.603
"Mech_RPM",66065.8,-498.605
"Mech_RPM",66065.8,-498.605
"Mech_RPM",66065.8,-498.52
"Mech_RPM",66065.8,-498.52
"Mech_RPM",66065.9,-498.54
"Mech_RPM",66065.9,-498.54
"Mech_RPM",66065.9,-498.593
"Mech_RPM",66065.9,-498.593
"Mech_RPM",66065.9,-498.472
"Mech_RPM",66065.9,-498.472
"Mech_RPM",66065.9,-498.481
"Mech_RPM",66065.9,-498.481
"Mech_RPM",66065.9,-498.597
"Mech_RPM",66065.9,-498.597
"Mech_RPM",66065.9,-498.523
"Mech_RPM",66065.9,-498.523
"Mech_RPM",66066,-498.543
"Mech_RPM",66066,-498.543
"Mech_RPM",66066,-498.497
"Mech_RPM",66066,-498.497
"Mech_RPM",66066,-498.454
"Mech_RPM",66066,-498.454
"Mech_RPM",66066,-498.587
"Mech_RPM",66066,-498.587
"Mech_RPM",66066,-498.497
"Mech_RPM",66066,-498.497
"Mech_RPM",66066,-498.542
"Mech_RPM",66066.1,-498.542
"Mech_RPM",66066.1,-498.447
"Mech_RPM",66066.1,-498.447
"Mech_RPM",66066.1,-498.594
"Mech_RPM",66066.1,-498.594
"Mech_RPM",66066.1,-498.562
"Mech_RPM",66066.1,-498.562
"Mech_RPM",66066.1,-498.47
"Mech_RPM",66066.1,-498.47
"Mech_RPM",66066.1,-498.615
"Mech_RPM",66066.2,-498.615
"Mech_RPM",66066.2,-498.531
"Mech_RPM",66066.2,-498.531
"Mech_RPM",66066.2,-498.44
"Mech_RPM",66066.2,-498.44
"Mech_RPM",66066.2,-498.498
"Mech_RPM",66066.2,-498.498
"Mech_RPM",66066.2,-498.54
"Mech_RPM",66066.2,-498.54
"Mech_RPM",66066.2,-498.592
"Mech_RPM",66066.3,-498.592
"Mech_RPM",66066.3,-498.595
"Mech_RPM",66066.3,-498.595
"Mech_RPM",66066.3,-498.44
"Mech_RPM",66066.3,-498.44
"Mech_RPM",66066.3,-498.444
"Mech_RPM",66066.3,-498.444
"Mech_RPM",66066.3,-498.573
"Mech_RPM",66066.3,-498.573
"Mech_RPM",66066.4,-498.553
"Mech_RPM",66066.4,-498.553
"Mech_RPM",66066.4,-498.579
"Mech_RPM",66066.4,-498.579
"Mech_RPM",66066.4,-498.6
"Mech_RPM",66066.4,-498.6
"Mech_RPM",66066.4,-498.527
"Mech_RPM",66066.4,-498.527
"Mech_RPM",66066.4,-498.532
"Mech_RPM",66066.4,-498.532
"Mech_RPM",66066.5,-498.49
"Mech_RPM",66066.5,-498.49
"Mech_RPM",66066.5,-498.448
"Mech_RPM",66066.5,-498.448
"Mech_RPM",66066.5,-498.574
"Mech_RPM",66066.5,-498.574
"Mech_RPM",66066.5,-498.605
"Mech_RPM",66066.5,-498.605
"Mech_RPM",66066.5,-498.53
"Mech_RPM",66066.5,-498.53
"Mech_RPM",66066.5,-498.443
"Mech_RPM",66066.6,-498.443
"Mech_RPM",66066.6,-498.581
"Mech_RPM",66066.6,-498.581
"Mech_RPM",66066.6,-498.453
"Mech_RPM",66066.6,-498.453
"Mech_RPM",66066.6,-498.562
"Mech_RPM",66066.6,-498.562
"Mech_RPM",66066.6,-498.497
"Mech_RPM",66066.6,-498.497
"Mech_RPM",66066.6,-498.51
"Mech_RPM",66066.7,-498.51
"Mech_RPM",66066.7,-498.521
"Mech_RPM",66066.7,-498.521
"Mech_RPM",66066.7,-498.49
"Mech_RPM",66066.7,-498.49
"Mech_RPM",66066.7,-498.461
"Mech_RPM",66066.7,-498.461
"Mech_RPM",66066.7,-498.569
"Mech_RPM",66066.7,-498.569
"Mech_RPM",66066.8,-498.602
"Mech_RPM",66066.8,-498.602
"Mech_RPM",66066.8,-498.438
"Mech_RPM",66066.8,-498.438
"Mech_RPM",66066.8,-498.433
"Mech_RPM",66066.8,-498.433
"Mech_RPM",66066.8,-498.585
"Mech_RPM",66066.8,-498.585
"Mech_RPM",66066.8,-498.542
"Mech_RPM",66066.8,-498.542
"Mech_RPM",66066.9,-498.466
"Mech_RPM",66066.9,-498.466
"Mech_RPM",66066.9,-498.614
"Mech_RPM",66066.9,-498.614
"Mech_RPM",66066.9,-498.529
"Mech_RPM",66066.9,-498.529
"Mech_RPM",66066.9,-498.531
"Mech_RPM",66066.9,-498.531
"Mech_RPM",66066.9,-498.582
"Mech_RPM",66066.9,-498.582
"Mech_RPM",66067,-498.534
"Mech_RPM",66067,-498.534
"Mech_RPM",66067,-498.565
"Mech_RPM",66067,-498.565
"Mech_RPM",66067,-498.602
"Mech_RPM",66067,-498.602
"Mech_RPM",66067,-498.52
"Mech_RPM",66067,-498.52
"Mech_RPM",66067,-498.518
"Mech_RPM",66067,-498.518
"Mech_RPM",66067,-498.589
"Mech_RPM",66067.1,-498.589
"Mech_RPM",66067.1,-498.438
"Mech_RPM",66067.1,-498.438
"Mech_RPM",66067.1,-498.551
"Mech_RPM",66067.1,-498.551
"Mech_RPM",66067.1,-498.611
"Mech_RPM",66067.1,-498.611
"Mech_RPM",66067.1,-498.512
"Mech_RPM",66067.1,-498.512
"Mech_RPM",66067.1,-498.537
"Mech_RPM",66067.2,-498.537
"Mech_RPM",66067.2,-498.491
"Mech_RPM",66067.2,-498.491
"Mech_RPM",66067.2,-498.458
"Mech_RPM",66067.2,-498.458
"Mech_RPM",66067.2,-498.569
"Mech_RPM",66067.2,-498.569
"Mech_RPM",66067.2,-498.5
"Mech_RPM",66067.2,-498.5
"Mech_RPM",66067.2,-498.44
"Mech_RPM",66067.3,-498.44
"Mech_RPM",66067.3,-498.538
"Mech_RPM",66067.3,-498.538
"Mech_RPM",66067.3,-498.511
"Mech_RPM",66067.3,-498.511
"Mech_RPM",66067.3,-498.454
"Mech_RPM",66067.3,-498.454
"Mech_RPM",66067.3,-498.583
"Mech_RPM",66067.3,-498.583
"Mech_RPM",66067.4,-498.609
"Mech_RPM",66067.4,-498.609
"Mech_RPM",66067.4,-498.533
"Mech_RPM",66067.4,-498.533
"Mech_RPM",66067.4,-498.533
"Mech_RPM",66067.4,-498.533
"Mech_RPM",66067.4,-498.491
"Mech_RPM",66067.4,-498.491
"Mech_RPM",66067.4,-498.552
"Mech_RPM",66067.4,-498.552
"Mech_RPM",66067.5,-498.567
"Mech_RPM",66067.5,-498.567
"Mech_RPM",66067.5,-498.616
"Mech_RPM",66067.5,-498.616
"Mech_RPM",66067.5,-498.515
"Mech_RPM",66067.5,-498.515
"Mech_RPM",66067.5,-498.534
"Mech_RPM",66067.5,-498.534
"Mech_RPM",66067.5,-498.498
"Mech_RPM",66067.5,-498.498
"Mech_RPM",66067.6,-498.449
"Mech_RPM",66067.6,-498.449
"Mech_RPM",66067.6,-498.472
"Mech_RPM",66067.6,-498.472
"Mech_RPM",66067.6,-498.612
"Mech_RPM",66067.6,-498.612
"Mech_RPM",66067.6,-498.532
"Mech_RPM",66067.6,-498.532
"Mech_RPM",66067.6,-498.546
"Mech_RPM",66067.6,-498.546
"Mech_RPM",66067.6,-498.598
"Mech_RPM",66067.7,-498.598
"Mech_RPM",66067.7,-498.562
"Mech_RPM",66067.7,-498.562
"Mech_RPM",66067.7,-498.566
"Mech_RPM",66067.7,-498.566
"Mech_RPM",66067.7,-498.508
"Mech_RPM",66067.7,-498.508
"Mech_RPM",66067.7,-498.449
"Mech_RPM",66067.7,-498.449
"Mech_RPM",66067.8,-498.556
"Mech_RPM",66067.8,-498.556
"Mech_RPM",66067.8,-498.602
"Mech_RPM",66067.8,-498.602
"Mech_RPM",66067.8,-498.538
"Mech_RPM",66067.8,-498.538
"Mech_RPM",66067.8,-498.461
"Mech_RPM",66067.8,-498.461
"Mech_RPM",66067.8,-498.613
"Mech_RPM",66067.8,-498.613
"Mech_RPM",66067.9,-498.518
"Mech_RPM",66067.9,-498.518
"Mech_RPM",66067.9,-498.434
"Mech_RPM",66067.9,-498.434
"Mech_RPM",66067.9,-498.598
"Mech_RPM",66067.9,-498.598
"Mech_RPM",66067.9,-498.538
"Mech_RPM",66067.9,-498.538
"Mech_RPM",66067.9,-498.464
"Mech_RPM",66067.9,-498.464
"Mech_RPM",66068,-498.611
"Mech_RPM",66068,-498.611
"Mech_RPM",66068,-498.442
"Mech_RPM",66068,-498.442
"Mech_RPM",66068,-498.557
"Mech_RPM",66068,-498.557
"Mech_RPM",66068,-498.49
"Mech_RPM",66068,-498.49
"Mech_RPM",66068,-498.55
"Mech_RPM",66068,-498.55
"Mech_RPM",66068.1,-498.576
"Mech_RPM",66068.1,-498.576
"Mech_RPM",66068.1,-498.625
"Mech_RPM",66068.1,-498.625
"Mech_RPM",66068.1,-498.44
"Mech_RPM",66068.1,-498.44
"Mech_RPM",66068.1,-498.437
"Mech_RPM",66068.1,-498.437
"Mech_RPM",66068.1,-498.486
"Mech_RPM",66068.1,-498.486
"Mech_RPM",66068.1,-498.544
"Mech_RPM",66068.2,-498.544
"Mech_RPM",66068.2,-498.58
"Mech_RPM",66068.2,-498.58
"Mech_RPM",66068.2,-498.609
"Mech_RPM",66068.2,-498.609
"Mech_RPM",66068.2,-498.534
"Mech_RPM",66068.2,-498.534
"Mech_RPM",66068.2,-498.532
"Mech_RPM",66068.2,-498.532
"Mech_RPM",66068.2,-498.589
"Mech_RPM",66068.3,-498.589
"Mech_RPM",66068.3,-498.456
"Mech_RPM",66068.3,-498.456
"Mech_RPM",66068.3,-498.465
"Mech_RPM",66068.3,-498.465
"Mech_RPM",66068.3,-498.523
"Mech_RPM",66068.3,-498.523
"Mech_RPM",66068.3,-498.427
"Mech_RPM",66068.3,-498.427
"Mech_RPM",66068.4,-498.437
"Mech_RPM",66068.4,-498.437
"Mech_RPM",66068.4,-498.504
"Mech_RPM",66068.4,-498.504
"Mech_RPM",66068.4,-498.549
"Mech_RPM",66068.4,-498.549
"Mech_RPM",66068.4,-498.564
"Mech_RPM",66068.4,-498.564
"Mech_RPM",66068.4,-498.516
"Mech_RPM",66068.4,-498.516
"Mech_RPM",66068.5,-498.443
"Mech_RPM",66068.5,-498.443
"Mech_RPM",66068.5,-498.433
"Mech_RPM",66068.5,-498.433
"Mech_RPM",66068.5,-498.601
"Mech_RPM",66068.5,-498.601
"Mech_RPM",66068.5,-498.445
"Mech_RPM",66068.5,-498.445
"Mech_RPM",66068.5,-498.448
"Mech_RPM",66068.5,-498.448
"Mech_RPM",66068.6,-498.62
"Mech_RPM",66068.6,-498.62
"Mech_RPM",66068.6,-498.442
"Mech_RPM",66068.6,-498.442
"Mech_RPM",66068.6,-498.441
"Mech_RPM",66068.6,-498.441
"Mech_RPM",66068.6,-498.584
"Mech_RPM",66068.6,-498.584
"Mech_RPM",66068.6,-498.545
"Mech_RPM",66068.6,-498.545
"Mech_RPM",66068.7,-498.564
"Mech_RPM",66068.7,-498.564
"Mech_RPM",66068.7,-498.527
"Mech_RPM",66068.7,-498.527
"Mech_RPM",66068.7,-498.634
"Mech_RPM",66068.7,-498.634
"Mech_RPM",66068.7,-498.44
"Mech_RPM",66068.7,-498.44
"Mech_RPM",66068.7,-498.601
"Mech_RPM",66068.7,-498.601
"Mech_RPM",66068.7,-498.471
"Mech_RPM",66068.8,-498.471
"Mech_RPM",66068.8,-498.477
"Mech_RPM",66068.8,-498.477
"Mech_RPM",66068.8,-498.509
"Mech_RPM",66068.8,-498.509
"Mech_RPM",66068.8,-498.548
"Mech_RPM",66068.8,-498.548
"Mech_RPM",66068.8,-498.544
"Mech_RPM",66068.8,-498.544
"Mech_RPM",66068.8,-498.491
"Mech_RPM",66068.9,-498.491
"Mech_RPM",66068.9,-498.445
"Mech_RPM",66068.9,-498.445
"Mech_RPM",66068.9,-498.478
"Mech_RPM",66068.9,-498.478
"Mech_RPM",66068.9,-498.634
"Mech_RPM",66068.9,-498.634
"Mech_RPM",66068.9,-498.55
"Mech_RPM",66068.9,-498.55
"Mech_RPM",66068.9,-498.532
"cg_id_a",66063.9,4.27806
"cg_id_a",66063.9,-4.74644
"cg_id_a",66063.9,5.36869
"cg_id_a",66063.9,-1.17288
"cg_id_a",66063.9,1.14738
"cg_id_a",66063.9,-2.00054
"cg_id_a",66064,2.63978
"cg_id_a",66064,-3.02012
"cg_id_a",66064,4.66381
"cg_id_a",66064,-3.0918
"cg_id_a",66064,7.17067
"cg_id_a",66064,-3.56339
"cg_id_a",66064,3.84334
"cg_id_a",66064,-2.85294
"cg_id_a",66064,2.79313
"cg_id_a",66064,0.495692
"cg_id_a",66064,0.956811
"cg_id_a",66064.1,-3.05663
"cg_id_a",66064.1,1.85689
"cg_id_a",66064.1,-3.38588
"cg_id_a",66064.1,1.62372
"cg_id_a",66064.1,-1.79103
"cg_id_a",66064.1,2.73309
"cg_id_a",66064.1,-2.07547
"cg_id_a",66064.1,0.357166
"cg_id_a",66064.1,-1.63526
"cg_id_a",66064.1,3.45934
"cg_id_a",66064.2,1.56822
"cg_id_a",66064.2,-1.77838
"cg_id_a",66064.2,0.581932
"cg_id_a",66064.2,-0.569364
"cg_id_a",66064.2,-3.26405
"cg_id_a",66064.2,1.74254
"cg_id_a",66064.2,-1.33079
"cg_id_a",66064.2,0.14342
"cg_id_a",66064.2,-0.523846
"cg_id_a",66064.2,-1.83827
"cg_id_a",66064.3,-0.123341
"cg_id_a",66064.3,1.77212
"cg_id_a",66064.3,3.22127
"cg_id_a",66064.3,-4.1243
"cg_id_a",66064.3,-0.11851
"cg_id_a",66064.3,-1.51635
"cg_id_a",66064.3,0.549928
"cg_id_a",66064.3,-1.47907
"cg_id_a",66064.3,-0.233442
"cg_id_a",66064.4,-1.50687
"cg_id_a",66064.4,3.66382
"cg_id_a",66064.4,-3.30181
"cg_id_a",66064.4,0.924159
"cg_id_a",66064.4,-3.13938
"cg_id_a",66064.4,1.61557
"cg_id_a",66064.4,-5.12482
"cg_id_a",66064.4,2.47333
"cg_id_a",66064.4,-3.74292
"cg_id_a",66064.4,2.55901
"cg_id_a",66064.4,-1.5677
"cg_id_a",66064.5,2.30699
"cg_id_a",66064.5,-1.15717
"cg_id_a",66064.5,3.41644
"cg_id_a",66064.5,-4.30592
"cg_id_a",66064.5,0.434677
"cg_id_a",66064.5,-2.79434
"cg_id_a",66064.5,7.32952
"cg_id_a",66064.5,-3.33757
"cg_id_a",66064.5,5.54258
"cg_id_a",66064.5,-5.21019
"cg_id_a",66064.6,3.65499
"cg_id_a",66064.6,-1.98475
"cg_id_a",66064.6,3.29377
"cg_id_a",66064.6,0.570498
"cg_id_a",66064.6,4.36578
"cg_id_a",66064.6,-2.9532
"cg_id_a",66064.6,2.25934
"cg_id_a",66064.6,-3.42
"cg_id_a",66064.6,6.07343
"cg_id_a",66064.6,-4.17016
"cg_id_a",66064.7,3.98651
"cg_id_a",66064.7,-3.21143
"cg_id_a",66064.7,2.59995
"cg_id_a",66064.7,-1.39341
"cg_id_a",66064.7,1.96693
"cg_id_a",66064.7,-1.355
"cg_id_a",66064.8,1.44314
"cg_id_a",66064.8,-2.14772
"cg_id_a",66064.8,2.04621
"cg_id_a",66064.8,-4.57176
"cg_id_a",66064.8,4.35066
"cg_id_a",66064.8,-2.70641
"cg_id_a",66064.8,-1.2738
"cg_id_a",66064.8,-2.56303
"cg_id_a",66064.9,3.61759
"cg_id_a",66064.9,-1.09102
"cg_id_a",66064.9,-0.0116571
"cg_id_a",66064.9,-0.95994
"cg_id_a",66064.9,1.97833
"cg_id_a",66064.9,-0.468033
"cg_id_a",66065,-2.00396
"cg_id_a",66065,-4.03599
"cg_id_a",66065,2.52786
"cg_id_a",66065,-1.54387
"cg_id_a",66065,-1.28404
"cg_id_a",66065,2.04096
"cg_id_a",66065,-1.08978
"cg_id_a",66065.1,0.601852
"cg_id_a",66065.1,-0.356037
"cg_id_a",66065.1,1.20214
"cg_id_a",66065.1,-1.02651
"cg_id_a",66065.1,3.50714
"cg_id_a",66065.1,-0.45863
"cg_id_a",66065.2,1.61756
"cg_id_a",66065.2,-2.38067
"cg_id_a",66065.2,2.96045
"cg_id_a",66065.2,-2.3131
"cg_id_a",66065.2,-2.73691
"cg_id_a",66065.2,-0.645528
"cg_id_a",66065.2,0.490483
"cg_id_a",66065.2,-2.5616
"cg_id_a",66065.2,2.44728
"cg_id_a",66065.2,-5.16285
"cg_id_a",66065.3,5.51597
"cg_id_a",66065.3,-2.11696
"cg_id_a",66065.3,4.32822
"cg_id_a",66065.3,-3.4472
"cg_id_a",66065.3,2.9845
"cg_id_a",66065.3,-2.00464
"cg_id_a",66065.3,0.257092
"cg_id_a",66065.3,-0.252625
"cg_id_a",66065.3,1.98577
"cg_id_a",66065.3,-3.82813
"cg_id_a",66065.3,0.632041
"cg_id_a",66065.4,-4.96591
"cg_id_a",66065.4,6.14971
"cg_id_a",66065.4,-2.40893
"cg_id_a",66065.4,4.01677
"cg_id_a",66065.4,-2.75832
"cg_id_a",66065.4,5.29549
"cg_id_a",66065.4,-1.92733
"cg_id_a",66065.4,2.01915
"cg_id_a",66065.4,0.653963
"cg_id_a",66065.4,-0.655848
"cg_id_a",66065.4,-2.35194
"cg_id_a",66065.4,-0.423879
"cg_id_a",66065.5,-2.97072
"cg_id_a",66065.5,6.29797
"cg_id_a",66065.5,-1.36792
"cg_id_a",66065.5,2.87723
"cg_id_a",66065.5,-0.905594
"cg_id_a",66065.5,1.60195
"cg_id_a",66065.5,-0.523105
"cg_id_a",66065.5,-0.201533
"cg_id_a",66065.5,0.820668
"cg_id_a",66065.5,1.24791
"cg_id_a",66065.5,-2.258
"cg_id_a",66065.6,3.10646
"cg_id_a",66065.6,-3.46257
"cg_id_a",66065.6,1.53927
"cg_id_a",66065.6,0.646362
"cg_id_a",66065.6,-1.97055
"cg_id_a",66065.6,-0.271598
"cg_id_a",66065.6,2.39123
"cg_id_a",66065.6,1.1273
"cg_id_a",66065.6,-2.00707
"cg_id_a",66065.6,0.926489
"cg_id_a",66065.7,1.04303
"cg_id_a",66065.7,0.555658
"cg_id_a",66065.7,-1.36703
"cg_id_a",66065.7,-2.39201
"cg_id_a",66065.7,-1.51714
"cg_id_a",66065.7,0.482281
"cg_id_a",66065.7,-2.08902
"cg_id_a",66065.7,0.2199
"cg_id_a",66065.7,-0.0360978
"cg_id_a",66065.7,5.0145
"cg_id_a",66065.7,-2.13907
"cg_id_a",66065.8,1.09189
"cg_id_a",66065.8,-3.90358
"cg_id_a",66065.8,3.90436
"cg_id_a",66065.8,-2.62125
"cg_id_a",66065.8,1.42469
"cg_id_a",66065.8,1.13491
"cg_id_a",66065.8,4.39542
"cg_id_a",66065.8,-1.77888
"cg_id_a",66065.8,1.93872
"cg_id_a",66065.8,-3.25893
"cg_id_a",66065.9,2.39521
"cg_id_a",66065.9,-4.47589
"cg_id_a",66065.9,4.72689
"cg_id_a",66065.9,-4.97452
"cg_id_a",66065.9,4.04005
"cg_id_a",66065.9,-2.55465
"cg_id_a",66065.9,2.37037
"cg_id_a",66065.9,-2.79564
"cg_id_a",66065.9,4.85932
"cg_id_a",66065.9,-2.28022
"cg_id_a",66065.9,3.64707
"cg_id_a",66065.9,-4.56575
"cg_id_a",66066,6.99334
"cg_id_a",66066,-4.51739
"cg_id_a",66066,3.33894
"cg_id_a",66066,-1.53679
"cg_id_a",66066,3.36147
"cg_id_a",66066,-1.73638
"cg_id_a",66066,0.736841
"cg_id_a",66066,-1.90784
"cg_id_a",66066,2.82338
"cg_id_a",66066,-1.95762
"cg_id_a",66066,4.07361
"cg_id_a",66066.1,-4.11642
"cg_id_a",66066.1,6.82995
"cg_id_a",66066.1,-3.6536
"cg_id_a",66066.1,0.738217
"cg_id_a",66066.1,-2.72063
"cg_id_a",66066.1,3.81488
"cg_id_a",66066.1,-0.550788
"cg_id_a",66066.1,2.0598
"cg_id_a",66066.1,-1.6533
"cg_id_a",66066.1,5.22319
"cg_id_a",66066.2,-0.995611
"cg_id_a",66066.2,3.23229
"cg_id_a",66066.2,-2.84724
"cg_id_a",66066.2,2.92875
"cg_id_a",66066.2,-3.90323
"cg_id_a",66066.2,-2.14153
"cg_id_a",66066.2,-1.12735
"cg_id_a",66066.2,1.68424
"cg_id_a",66066.2,1.4299
"cg_id_a",66066.2,-4.34814
"cg_id_a",66066.3,-0.941393
"cg_id_a",66066.3,1.64625
"cg_id_a",66066.3,-0.514965
"cg_id_a",66066.3,0.795755
"cg_id_a",66066.3,-2.75459
"cg_id_a",66066.3,-1.45503
"cg_id_a",66066.3,-1.39282
"cg_id_a",66066.3,1.417
"cg_id_a",66066.3,-0.23861
"cg_id_a",66066.4,-3.43221
"cg_id_a",66066.4,2.67598
"cg_id_a",66066.4,-2.9763
"cg_id_a",66066.4,-0.505458
"cg_id_a",66066.4,-0.338321
"cg_id_a",66066.4,3.94303
"cg_id_a",66066.4,-1.31056
"cg_id_a",66066.4,-0.31641
"cg_id_a",66066.4,1.89095
"cg_id_a",66066.4,1.23769
"cg_id_a",66066.5,-2.46272
"cg_id_a",66066.5,3.11361
"cg_id_a",66066.5,-5.25646
"cg_id_a",66066.5,5.38246
"cg_id_a",66066.5,-5.73729
"cg_id_a",66066.5,3.34346
"cg_id_a",66066.5,-3.83798
"cg_id_a",66066.5,4.75198
"cg_id_a",66066.5,-2.3407
"cg_id_a",66066.5,2.17958
"cg_id_a",66066.5,-3.03797
"cg_id_a",66066.6,2.52955
"cg_id_a",66066.6,-1.82746
"cg_id_a",66066.6,3.82133
"cg_id_a",66066.6,-6.14155
"cg_id_a",66066.6,7.48932
"cg_id_a",66066.6,-4.07387
"cg_id_a",66066.6,3.62429
"cg_id_a",66066.6,-3.84226
"cg_id_a",66066.6,6.6284
"cg_id_a",66066.6,-2.23958
"cg_id_a",66066.7,3.84542
"cg_id_a",66066.7,-0.277476
"cg_id_a",66066.7,1.82329
"cg_id_a",66066.7,-3.09362
"cg_id_a",66066.7,4.23859
"cg_id_a",66066.7,-5.72471
"cg_id_a",66066.7,6.1717
"cg_id_a",66066.7,-4.41099
"cg_id_a",66066.7,2.91408
"cg_id_a",66066.8,-2.24383
"cg_id_a",66066.8,5.83569
"cg_id_a",66066.8,0.529573
"cg_id_a",66066.8,1.26709
"cg_id_a",66066.8,-1.56823
"cg_id_a",66066.8,2.88478
"cg_id_a",66066.8,-1.20074
"cg_id_a",66066.8,0.474517
"cg_id_a",66066.8,-4.06313
"cg_id_a",66066.8,6.68012
"cg_id_a",66066.9,-3.53516
"cg_id_a",66066.9,-1.91714
"cg_id_a",66066.9,-1.53424
"cg_id_a",66066.9,4.32987
"cg_id_a",66066.9,0.924589
"cg_id_a",66066.9,-2.38883
"cg_id_a",66066.9,-1.00452
"cg_id_a",66066.9,0.302492
"cg_id_a",66066.9,0.898281
"cg_id_a",66066.9,2.38252
"cg_id_a",66067,-2.29044
"cg_id_a",66067,2.53265
"cg_id_a",66067,-0.865485
"cg_id_a",66067,-3.46743
"cg_id_a",66067,0.427645
"cg_id_a",66067,2.2009
"cg_id_a",66067,4.14059
"cg_id_a",66067,-4.28306
"cg_id_a",66067,1.6582
"cg_id_a",66067,-1.46034
"cg_id_a",66067,0.900803
"cg_id_a",66067.1,-0.959607
"cg_id_a",66067.1,-2.36881
"cg_id_a",66067.1,0.233732
"cg_id_a",66067.1,-1.52739
"cg_id_a",66067.1,-4.2971
"cg_id_a",66067.1,1.48467
"cg_id_a",66067.1,-1.20258
"cg_id_a",66067.1,2.87233
"cg_id_a",66067.1,-3.72229
"cg_id_a",66067.1,2.3801
"cg_id_a",66067.2,-4.97088
"cg_id_a",66067.2,4.40651
"cg_id_a",66067.2,-0.16312
"cg_id_a",66067.2,0.96544
"cg_id_a",66067.2,-0.69076
"cg_id_a",66067.2,1.89493
"cg_id_a",66067.2,-4.01443
"cg_id_a",66067.2,3.78174
"cg_id_a",66067.2,1.27306
"cg_id_a",66067.2,6.07831
"cg_id_a",66067.3,-3.5524
"cg_id_a",66067.3,3.90817
"cg_id_a",66067.3,-5.575
"cg_id_a",66067.3,4.60613
"cg_id_a",66067.3,-0.834373
"cg_id_a",66067.3,1.20554
"cg_id_a",66067.3,-1.92987
"cg_id_a",66067.3,2.87471
"cg_id_a",66067.3,-3.25959
"cg_id_a",66067.4,3.40878
"cg_id_a",66067.4,-2.42597
"cg_id_a",66067.4,4.74961
"cg_id_a",66067.4,-3.1521
"cg_id_a",66067.4,3.12366
"cg_id_a",66067.4,-3.50502
"cg_id_a",66067.4,3.22089
"cg_id_a",66067.4,-0.41657
"cg_id_a",66067.4,-0.660506
"cg_id_a",66067.4,-2.26195
"cg_id_a",66067.5,-1.59573
"cg_id_a",66067.5,-2.13515
"cg_id_a",66067.5,1.79372
"cg_id_a",66067.5,-2.76745
"cg_id_a",66067.5,5.91882
"cg_id_a",66067.5,-1.75787
"cg_id_a",66067.5,-0.419901
"cg_id_a",66067.5,-2.55855
"cg_id_a",66067.5,1.31317
"cg_id_a",66067.5,-0.144469
"cg_id_a",66067.6,-1.45407
"cg_id_a",66067.6,-0.539539
"cg_id_a",66067.6,-3.3652
"cg_id_a",66067.6,-1.58584
"cg_id_a",66067.6,-0.207418
"cg_id_a",66067.6,-0.913349
"cg_id_a",66067.6,0.0211491
"cg_id_a",66067.6,0.671893
"cg_id_a",66067.6,-2.44788
"cg_id_a",66067.6,-2.53189
"cg_id_a",66067.6,1.50429
"cg_id_a",66067.7,4.41893
"cg_id_a",66067.7,-4.6055
"cg_id_a",66067.7,0.82307
"cg_id_a",66067.7,-2.31112
"cg_id_a",66067.7,0.141554
"cg_id_a",66067.7,-1.85095
"cg_id_a",66067.7,-0.881284
"cg_id_a",66067.7,-2.0856
"cg_id_a",66067.7,0.78031
"cg_id_a",66067.8,-4.35772
"cg_id_a",66067.8,0.509417
"cg_id_a",66067.8,-1.05139
"cg_id_a",66067.8,7.18965
"cg_id_a",66067.8,-3.7552
"cg_id_a",66067.8,3.30009
"cg_id_a",66067.8,-4.5904
"cg_id_a",66067.8,2.07723
"cg_id_a",66067.8,-2.47492
"cg_id_a",66067.8,2.34032
"cg_id_a",66067.9,1.36394
"cg_id_a",66067.9,3.11277
"cg_id_a",66067.9,-3.76924
"cg_id_a",66067.9,1.70728
"cg_id_a",66067.9,-2.15714
"cg_id_a",66067.9,7.52186
"cg_id_a",66067.9,-4.74074
"cg_id_a",66067.9,4.68447
"cg_id_a",66067.9,-6.17042
"cg_id_a",66067.9,4.47319
"cg_id_a",66068,-1.96624
"cg_id_a",66068,4.16292
"cg_id_a",66068,-3.18387
"cg_id_a",66068,5.10149
"cg_id_a",66068,-3.34993
"cg_id_a",66068,3.89402
"cg_id_a",66068,-4.82861
"cg_id_a",66068,8.57863
"cg_id_a",66068,-4.77986
"cg_id_a",66068,0.643529
"cg_id_a",66068.1,-4.69073
"cg_id_a",66068.1,2.84561
"cg_id_a",66068.1,-0.90646
"cg_id_a",66068.1,4.20593
"cg_id_a",66068.1,-1.68636
"cg_id_a",66068.1,0.731618
"cg_id_a",66068.1,-0.773948
"cg_id_a",66068.1,3.0263
"cg_id_a",66068.1,-3.07184
"cg_id_a",66068.1,7.25739
"cg_id_a",66068.1,-4.93192
"cg_id_a",66068.2,-0.86375
"cg_id_a",66068.2,-2.60256
"cg_id_a",66068.2,1.51646
"cg_id_a",66068.2,-1.16995
"cg_id_a",66068.2,2.38616
"cg_id_a",66068.2,-1.1157
"cg_id_a",66068.2,-1.88349
"cg_id_a",66068.2,0.536249
"cg_id_a",66068.2,1.60184
"cg_id_a",66068.2,-3.82402
"cg_id_a",66068.3,2.8108
"cg_id_a",66068.3,-2.54198
"cg_id_a",66068.3,-0.573793
"cg_id_a",66068.3,-0.143205
"cg_id_a",66068.3,2.20239
"cg_id_a",66068.3,0.590356
"cg_id_a",66068.3,-2.44075
"cg_id_a",66068.3,-0.864884
"cg_id_a",66068.3,0.140235
"cg_id_a",66068.4,-1.63644
"cg_id_a",66068.4,0.27119
"cg_id_a",66068.4,-1.64157
"cg_id_a",66068.4,2.78991
"cg_id_a",66068.4,-0.353722
"cg_id_a",66068.4,-3.46617
"cg_id_a",66068.4,0.494515
"cg_id_a",66068.4,-0.223018
"cg_id_a",66068.4,3.02429
"cg_id_a",66068.4,-0.28819
"cg_id_a",66068.5,-0.984304
"cg_id_a",66068.5,-4.26332
"cg_id_a",66068.5,4.30051
"cg_id_a",66068.5,-0.14124
"cg_id_a",66068.5,-1.94861
"cg_id_a",66068.5,-0.704035
"cg_id_a",66068.5,0.727176
"cg_id_a",66068.5,-6.1824
"cg_id_a",66068.5,3.05297
"cg_id_a",66068.5,-2.3134
"cg_id_a",66068.6,2.38826
"cg_id_a",66068.6,-1.94029
"cg_id_a",66068.6,3.852
"cg_id_a",66068.6,-3.76754
"cg_id_a",66068.6,4.96496
"cg_id_a",66068.6,-3.66353
"cg_id_a",66068.6,0.0262247
"cg_id_a",66068.6,-3.35875
"cg_id_a",66068.6,2.89567
"cg_id_a",66068.6,-4.22764
"cg_id_a",66068.7,1.67098
"cg_id_a",66068.7,-4.43465
"cg_id_a",66068.7,6.43749
"cg_id_a",66068.7,-1.58735
"cg_id_a",66068.7,4.29424
"cg_id_a",66068.7,-3.44463
"cg_id_a",66068.7,3.39918
"cg_id_a",66068.7,-1.62082
"cg_id_a",66068.7,-1.15384
"cg_id_a",66068.7,0.266623
"cg_id_a",66068.7,3.21979
"cg_id_a",66068.8,-3.61502
"cg_id_a",66068.8,-0.848412
"cg_id_a",66068.8,-3.57206
"cg_id_a",66068.8,6.07676
"cg_id_a",66068.8,-0.462759
"cg_id_a",66068.8,-0.393259
"cg_id_a",66068.8,-2.97063
"cg_id_a",66068.8,4.00235
"cg_id_a",66068.8,0.0293752
"cg_id_a",66068.8,-0.0142432
"cg_id_a",66068.9,-0.765599
"cg_id_a",66068.9,0.252773
"cg_id_a",66068.9,-0.825839
"cg_id_a",66068.9,-0.106024
"cg_id_a",66068.9,-4.02495
"cg_id_a",66068.9,0.460067
"cg_id_a",66068.9,-1.30474
"cg_id_a",66068.9,-2.67386
"cg_id_a",66068.9,-1.32657
"cg_id_a",66068.9,1.76971
"cg_id_a",66069,-0.765781
"cg_id_a",66069,-1.35883
"cg_iq_a",66063.9,10.3315
"cg_iq_a",66063.9,18.8823
"cg_iq_a",66064,12.3714
"cg_iq_a",66064,22.0889
"cg_iq_a",66064,12.3889
"cg_iq_a",66064,18.47
"cg_iq_a",66064,12.2482
"cg_iq_a",66064,20.4632
"cg_iq_a",66064,11.5143
"cg_iq_a",66064,22.5232
"cg_iq_a",66064,6.81518
"cg_iq_a",66064,23.9685
"cg_iq_a",66064,9.92459
"cg_iq_a",66064.1,17.8404
"cg_iq_a",66064.1,11.1634
"cg_iq_a",66064.1,22.7453
"cg_iq_a",66064.1,10.7233
"cg_iq_a",66064.1,17.0279
"cg_iq_a",66064.1,8.65973
"cg_iq_a",66064.1,19.5252
"cg_iq_a",66064.1,12.1604
"cg_iq_a",66064.1,20.6082
"cg_iq_a",66064.1,6.60733
"cg_iq_a",66064.2,23.2005
"cg_iq_a",66064.2,7.93366
"cg_iq_a",66064.2,19.297
"cg_iq_a",66064.2,12.1818
"cg_iq_a",66064.2,23.0622
"cg_iq_a",66064.2,9.81745
"cg_iq_a",66064.2,16.9645
"cg_iq_a",66064.2,10.6116
"cg_iq_a",66064.2,19.6734
"cg_iq_a",66064.2,13.7283
"cg_iq_a",66064.3,19.3717
"cg_iq_a",66064.3,5.17968
"cg_iq_a",66064.3,21.8011
"cg_iq_a",66064.3,9.62961
"cg_iq_a",66064.3,19.1344
"cg_iq_a",66064.3,13.7252
"cg_iq_a",66064.3,18.7079
"cg_iq_a",66064.3,13.6641
"cg_iq_a",66064.3,16.9868
"cg_iq_a",66064.4,13.164
"cg_iq_a",66064.4,14.4634
"cg_iq_a",66064.4,15.6683
"cg_iq_a",66064.4,19.5437
"cg_iq_a",66064.4,10.2903
"cg_iq_a",66064.4,21.6273
"cg_iq_a",66064.4,12.8374
"cg_iq_a",66064.4,13.8312
"cg_iq_a",66064.4,17.2034
"cg_iq_a",66064.4,15.6218
"cg_iq_a",66064.4,11.5179
"cg_iq_a",66064.5,15.5642
"cg_iq_a",66064.5,16.1573
"cg_iq_a",66064.5,13.6754
"cg_iq_a",66064.5,18.5343
"cg_iq_a",66064.5,18.8341
"cg_iq_a",66064.5,9.53889
"cg_iq_a",66064.5,17.5483
"cg_iq_a",66064.5,13.155
"cg_iq_a",66064.5,12.4006
"cg_iq_a",66064.5,21.6372
"cg_iq_a",66064.6,9.17357
"cg_iq_a",66064.6,18.8923
"cg_iq_a",66064.6,11.4068
"cg_iq_a",66064.6,16.2286
"cg_iq_a",66064.6,15.6574
"cg_iq_a",66064.6,21.5963
"cg_iq_a",66064.6,13.7409
"cg_iq_a",66064.6,12.5344
"cg_iq_a",66064.6,10.9561
"cg_iq_a",66064.6,15.8282
"cg_iq_a",66064.7,10.2468
"cg_iq_a",66064.7,18.8076
"cg_iq_a",66064.7,8.43343
"cg_iq_a",66064.7,18.5127
"cg_iq_a",66064.7,9.86182
"cg_iq_a",66064.7,15.7596
"cg_iq_a",66064.8,11.9875
"cg_iq_a",66064.8,21.5615
"cg_iq_a",66064.8,14.3161
"cg_iq_a",66064.8,13.8413
"cg_iq_a",66064.8,11.5628
"cg_iq_a",66064.8,15.801
"cg_iq_a",66064.8,11.5238
"cg_iq_a",66064.8,21.3504
"cg_iq_a",66064.9,8.18682
"cg_iq_a",66064.9,19.0736
"cg_iq_a",66064.9,9.88035
"cg_iq_a",66064.9,17.607
"cg_iq_a",66064.9,10.6842
"cg_iq_a",66064.9,17.7901
"cg_iq_a",66065,14.1632
"cg_iq_a",66065,14.907
"cg_iq_a",66065,12.2014
"cg_iq_a",66065,15.2216
"cg_iq_a",66065,12.3101
"cg_iq_a",66065,15.6153
"cg_iq_a",66065,10.7925
"cg_iq_a",66065.1,13.3172
"cg_iq_a",66065.1,11.9215
"cg_iq_a",66065.1,17.0329
"cg_iq_a",66065.1,9.05702
"cg_iq_a",66065.1,14.1886
"cg_iq_a",66065.1,10.63
"cg_iq_a",66065.2,13.9003
"cg_iq_a",66065.2,19.4
"cg_iq_a",66065.2,14.8454
"cg_iq_a",66065.2,15.7566
"cg_iq_a",66065.2,15.7748
"cg_iq_a",66065.2,16.4832
"cg_iq_a",66065.2,12.252
"cg_iq_a",66065.2,15.4636
"cg_iq_a",66065.2,13.9895
"cg_iq_a",66065.2,15.1528
"cg_iq_a",66065.3,12.2129
"cg_iq_a",66065.3,12.7363
"cg_iq_a",66065.3,10.8995
"cg_iq_a",66065.3,21.5056
"cg_iq_a",66065.3,15.5659
"cg_iq_a",66065.3,20.5571
"cg_iq_a",66065.3,9.69224
"cg_iq_a",66065.3,17.9074
"cg_iq_a",66065.3,12.9748
"cg_iq_a",66065.3,20.8635
"cg_iq_a",66065.3,14.558
"cg_iq_a",66065.4,14.3615
"cg_iq_a",66065.4,12.4861
"cg_iq_a",66065.4,18.3318
"cg_iq_a",66065.4,11.4431
"cg_iq_a",66065.4,22.5746
"cg_iq_a",66065.4,11.2205
"cg_iq_a",66065.4,22.1631
"cg_iq_a",66065.4,11.6283
"cg_iq_a",66065.4,17.8516
"cg_iq_a",66065.4,11.0382
"cg_iq_a",66065.4,20.5556
"cg_iq_a",66065.4,12.3431
"cg_iq_a",66065.5,17.9348
"cg_iq_a",66065.5,12.4426
"cg_iq_a",66065.5,18.3054
"cg_iq_a",66065.5,9.58482
"cg_iq_a",66065.5,19.5783
"cg_iq_a",66065.5,8.5096
"cg_iq_a",66065.5,22.673
"cg_iq_a",66065.5,8.64957
"cg_iq_a",66065.5,16.8292
"cg_iq_a",66065.5,11.3833
"cg_iq_a",66065.5,20.6585
"cg_iq_a",66065.6,12.4105
"cg_iq_a",66065.6,16.4712
"cg_iq_a",66065.6,9.10889
"cg_iq_a",66065.6,18.63
"cg_iq_a",66065.6,12.7697
"cg_iq_a",66065.6,18.43
"cg_iq_a",66065.6,7.20023
"cg_iq_a",66065.6,21.8021
"cg_iq_a",66065.6,8.27397
"cg_iq_a",66065.6,17.2266
"cg_iq_a",66065.7,11.2208
"cg_iq_a",66065.7,17.593
"cg_iq_a",66065.7,14.9896
"cg_iq_a",66065.7,15.8473
"cg_iq_a",66065.7,11.3539
"cg_iq_a",66065.7,17.463
"cg_iq_a",66065.7,11.9833
"cg_iq_a",66065.7,18.0981
"cg_iq_a",66065.7,8.5801
"cg_iq_a",66065.7,16.2092
"cg_iq_a",66065.7,8.80485
"cg_iq_a",66065.8,17.3924
"cg_iq_a",66065.8,17.3049
"cg_iq_a",66065.8,13.8488
"cg_iq_a",66065.8,16.6388
"cg_iq_a",66065.8,13.9181
"cg_iq_a",66065.8,9.71194
"cg_iq_a",66065.8,13.6101
"cg_iq_a",66065.8,14.9822
"cg_iq_a",66065.8,17.9535
"cg_iq_a",66065.8,17.7293
"cg_iq_a",66065.9,19.3144
"cg_iq_a",66065.9,15.3888
"cg_iq_a",66065.9,12.7586
"cg_iq_a",66065.9,21.4782
"cg_iq_a",66065.9,11.7505
"cg_iq_a",66065.9,18.9934
"cg_iq_a",66065.9,14.0698
"cg_iq_a",66065.9,16.6191
"cg_iq_a",66065.9,13.7181
"cg_iq_a",66065.9,21.1541
"cg_iq_a",66065.9,15.0937
"cg_iq_a",66065.9,18.9941
"cg_iq_a",66066,14.0155
"cg_iq_a",66066,14.319
"cg_iq_a",66066,9.80445
"cg_iq_a",66066,19.5853
"cg_iq_a",66066,7.53876
"cg_iq_a",66066,22.6937
"cg_iq_a",66066,11.6177
"cg_iq_a",66066,16.4114
"cg_iq_a",66066,13.1314
"cg_iq_a",66066,20.385
"cg_iq_a",66066,11.5685
"cg_iq_a",66066.1,18.326
"cg_iq_a",66066.1,13.6471
"cg_iq_a",66066.1,16.8092
"cg_iq_a",66066.1,9.98326
"cg_iq_a",66066.1,21.8979
"cg_iq_a",66066.1,8.50836
"cg_iq_a",66066.1,21.902
"cg_iq_a",66066.1,11.8091
"cg_iq_a",66066.1,16.3941
"cg_iq_a",66066.1,8.64684
"cg_iq_a",66066.2,20.8936
"cg_iq_a",66066.2,9.82628
"cg_iq_a",66066.2,17.0467
"cg_iq_a",66066.2,12.3137
"cg_iq_a",66066.2,16.7142
"cg_iq_a",66066.2,12.0838
"cg_iq_a",66066.2,20.1543
"cg_iq_a",66066.2,6.57375
"cg_iq_a",66066.2,23.0396
"cg_iq_a",66066.2,11.953
"cg_iq_a",66066.3,14.2617
"cg_iq_a",66066.3,10.4562
"cg_iq_a",66066.3,18.561
"cg_iq_a",66066.3,12.5716
"cg_iq_a",66066.3,16.5747
"cg_iq_a",66066.3,14.105
"cg_iq_a",66066.3,16.1516
"cg_iq_a",66066.3,9.81384
"cg_iq_a",66066.3,18.3308
"cg_iq_a",66066.4,10.3803
"cg_iq_a",66066.4,19.8747
"cg_iq_a",66066.4,10.9068
"cg_iq_a",66066.4,14.635
"cg_iq_a",66066.4,11.6789
"cg_iq_a",66066.4,14.0161
"cg_iq_a",66066.4,15.1962
"cg_iq_a",66066.4,16.1415
"cg_iq_a",66066.4,10.7265
"cg_iq_a",66066.4,13.2897
"cg_iq_a",66066.5,13.8856
"cg_iq_a",66066.5,14.8258
"cg_iq_a",66066.5,13.225
"cg_iq_a",66066.5,16.3798
"cg_iq_a",66066.5,16.8501
"cg_iq_a",66066.5,11.9846
"cg_iq_a",66066.5,18.9197
"cg_iq_a",66066.5,15.5159
"cg_iq_a",66066.5,18.4628
"cg_iq_a",66066.5,13.9623
"cg_iq_a",66066.5,20.0792
"cg_iq_a",66066.6,12.1504
"cg_iq_a",66066.6,16.8016
"cg_iq_a",66066.6,14.4635
"cg_iq_a",66066.6,16.6237
"cg_iq_a",66066.6,15.0918
"cg_iq_a",66066.6,17.1973
"cg_iq_a",66066.6,10.5133
"cg_iq_a",66066.6,15.8247
"cg_iq_a",66066.6,14.5098
"cg_iq_a",66066.6,22.8066
"cg_iq_a",66066.7,12.8603
"cg_iq_a",66066.7,21.7744
"cg_iq_a",66066.7,11.9587
"cg_iq_a",66066.7,20.9713
"cg_iq_a",66066.7,13.7094
"cg_iq_a",66066.7,17.0661
"cg_iq_a",66066.7,13.1006
"cg_iq_a",66066.7,18.8549
"cg_iq_a",66066.7,11.2553
"cg_iq_a",66066.8,20.7518
"cg_iq_a",66066.8,9.65606
"cg_iq_a",66066.8,23.3513
"cg_iq_a",66066.8,11.5378
"cg_iq_a",66066.8,18.6696
"cg_iq_a",66066.8,11.3042
"cg_iq_a",66066.8,18.5935
"cg_iq_a",66066.8,12.707
"cg_iq_a",66066.8,16.9663
"cg_iq_a",66066.8,13.1399
"cg_iq_a",66066.9,19.7437
"cg_iq_a",66066.9,11.2712
"cg_iq_a",66066.9,21.0675
"cg_iq_a",66066.9,7.73265
"cg_iq_a",66066.9,21.5185
"cg_iq_a",66066.9,11.5294
"cg_iq_a",66066.9,16.1561
"cg_iq_a",66066.9,11.6709
"cg_iq_a",66066.9,18.0506
"cg_iq_a",66066.9,11.8949
"cg_iq_a",66067,14.7553
"cg_iq_a",66067,14.5186
"cg_iq_a",66067,16.5401
"cg_iq_a",66067,12.9213
"cg_iq_a",66067,17.0815
"cg_iq_a",66067,8.25452
"cg_iq_a",66067,17.7685
"cg_iq_a",66067,15.2739
"cg_iq_a",66067,16.6668
"cg_iq_a",66067,12.7002
"cg_iq_a",66067,15.6832
"cg_iq_a",66067.1,15.389
"cg_iq_a",66067.1,14.1658
"cg_iq_a",66067.1,13.6435
"cg_iq_a",66067.1,16.9733
"cg_iq_a",66067.1,15.5911
"cg_iq_a",66067.1,16.4401
"cg_iq_a",66067.1,14.8489
"cg_iq_a",66067.1,16.7384
"cg_iq_a",66067.1,15.4974
"cg_iq_a",66067.1,14.3231
"cg_iq_a",66067.2,19.2458
"cg_iq_a",66067.2,11.1497
"cg_iq_a",66067.2,17.7421
"cg_iq_a",66067.2,11.9285
"cg_iq_a",66067.2,18.2468
"cg_iq_a",66067.2,15.871
"cg_iq_a",66067.2,19.7047
"cg_iq_a",66067.2,14.9862
"cg_iq_a",66067.2,10.5577
"cg_iq_a",66067.2,12.6397
"cg_iq_a",66067.3,17.5746
"cg_iq_a",66067.3,13.0811
"cg_iq_a",66067.3,22.1689
"cg_iq_a",66067.3,8.55254
"cg_iq_a",66067.3,22.36
"cg_iq_a",66067.3,12.2193
"cg_iq_a",66067.3,20.3353
"cg_iq_a",66067.3,13.842
"cg_iq_a",66067.3,15.7465
"cg_iq_a",66067.4,10.8607
"cg_iq_a",66067.4,16.2885
"cg_iq_a",66067.4,10.6042
"cg_iq_a",66067.4,20.7907
"cg_iq_a",66067.4,13.0634
"cg_iq_a",66067.4,22.3612
"cg_iq_a",66067.4,6.68054
"cg_iq_a",66067.4,22.6901
"cg_iq_a",66067.4,8.98593
"cg_iq_a",66067.4,18.8439
"cg_iq_a",66067.5,13.5606
"cg_iq_a",66067.5,20.1727
"cg_iq_a",66067.5,10.263
"cg_iq_a",66067.5,17.6771
"cg_iq_a",66067.5,11.8777
"cg_iq_a",66067.5,19.6304
"cg_iq_a",66067.5,13.1502
"cg_iq_a",66067.5,21.4584
"cg_iq_a",66067.5,6.09137
"cg_iq_a",66067.5,22.5208
"cg_iq_a",66067.6,9.46351
"cg_iq_a",66067.6,19.6121
"cg_iq_a",66067.6,14.8193
"cg_iq_a",66067.6,19.6876
"cg_iq_a",66067.6,10.9955
"cg_iq_a",66067.6,17.3372
"cg_iq_a",66067.6,11.6051
"cg_iq_a",66067.6,17.363
"cg_iq_a",66067.6,14.3727
"cg_iq_a",66067.6,21.3223
"cg_iq_a",66067.6,5.41941
"cg_iq_a",66067.7,17.6463
"cg_iq_a",66067.7,11.5813
"cg_iq_a",66067.7,17.2851
"cg_iq_a",66067.7,14.1239
"cg_iq_a",66067.7,18.0291
"cg_iq_a",66067.7,13.0826
"cg_iq_a",66067.7,16.5324
"cg_iq_a",66067.7,14.3277
"cg_iq_a",66067.7,17.9628
"cg_iq_a",66067.8,15.1227
"cg_iq_a",66067.8,17.8608
"cg_iq_a",66067.8,7.28382
"cg_iq_a",66067.8,16.7642
"cg_iq_a",66067.8,11.7153
"cg_iq_a",66067.8,16.3603
"cg_iq_a",66067.8,17.2978
"cg_iq_a",66067.8,13.7709
"cg_iq_a",66067.8,18.1041
"cg_iq_a",66067.8,14.9681
"cg_iq_a",66067.9,11.5394
"cg_iq_a",66067.9,15.7128
"cg_iq_a",66067.9,18.2676
"cg_iq_a",66067.9,16.8071
"cg_iq_a",66067.9,9.53431
"cg_iq_a",66067.9,13.8347
"cg_iq_a",66067.9,14.6612
"cg_iq_a",66067.9,13.5239
"cg_iq_a",66067.9,23.4622
"cg_iq_a",66067.9,9.81128
"cg_iq_a",66068,16.8806
"cg_iq_a",66068,13.4551
"cg_iq_a",66068,19.6956
"cg_iq_a",66068,13.4596
"cg_iq_a",66068,21.7305
"cg_iq_a",66068,13.6717
"cg_iq_a",66068,16.0342
"cg_iq_a",66068,11.9608
"cg_iq_a",66068,18.7119
"cg_iq_a",66068,11.0501
"cg_iq_a",66068.1,18.4815
"cg_iq_a",66068.1,8.14458
"cg_iq_a",66068.1,19.733
"cg_iq_a",66068.1,11.0199
"cg_iq_a",66068.1,19.6711
"cg_iq_a",66068.1,12.654
"cg_iq_a",66068.1,20.9848
"cg_iq_a",66068.1,13.4182
"cg_iq_a",66068.1,16.9611
"cg_iq_a",66068.1,11.0186
"cg_iq_a",66068.1,17.2881
"cg_iq_a",66068.2,10.9717
"cg_iq_a",66068.2,20.7429
"cg_iq_a",66068.2,7.13205
"cg_iq_a",66068.2,19.153
"cg_iq_a",66068.2,10.0042
"cg_iq_a",66068.2,18.8121
"cg_iq_a",66068.2,14.836
"cg_iq_a",66068.2,17.2643
"cg_iq_a",66068.2,12.1966
"cg_iq_a",66068.2,15.1087
"cg_iq_a",66068.3,11.4093
"cg_iq_a",66068.3,17.8182
"cg_iq_a",66068.3,12.1202
"cg_iq_a",66068.3,18.0091
"cg_iq_a",66068.3,7.67819
"cg_iq_a",66068.3,19.3264
"cg_iq_a",66068.3,11.682
"cg_iq_a",66068.3,17.8649
"cg_iq_a",66068.3,13.9567
"cg_iq_a",66068.4,22.0311
"cg_iq_a",66068.4,11.8798
"cg_iq_a",66068.4,13.1081
"cg_iq_a",66068.4,10.7287
"cg_iq_a",66068.4,14.2513
"cg_iq_a",66068.4,13.903
"cg_iq_a",66068.4,18.4727
"cg_iq_a",66068.4,6.63635
"cg_iq_a",66068.4,14.4458
"cg_iq_a",66068.4,11.0782
"cg_iq_a",66068.5,17.309
"cg_iq_a",66068.5,20.0417
"cg_iq_a",66068.5,14.3137
"cg_iq_a",66068.5,15.6117
"cg_iq_a",66068.5,13.0202
"cg_iq_a",66068.5,16.2964
"cg_iq_a",66068.5,13.7346
"cg_iq_a",66068.5,17.9795
"cg_iq_a",66068.5,14.8702
"cg_iq_a",66068.5,9.82272
"cg_iq_a",66068.6,17.6688
"cg_iq_a",66068.6,17.7188
"cg_iq_a",66068.6,11.982
"cg_iq_a",66068.6,20.2449
"cg_iq_a",66068.6,12.5212
"cg_iq_a",66068.6,15.8116
"cg_iq_a",66068.6,12.4756
"cg_iq_a",66068.6,19.0077
"cg_iq_a",66068.6,13.7372
"cg_iq_a",66068.6,22.4475
"cg_iq_a",66068.7,17.1169
"cg_iq_a",66068.7,13.8742
"cg_iq_a",66068.7,13.5173
"cg_iq_a",66068.7,19.9614
"cg_iq_a",66068.7,11.6983
"cg_iq_a",66068.7,23.1296
"cg_iq_a",66068.7,9.84965
"cg_iq_a",66068.7,21.2329
"cg_iq_a",66068.7,9.59082
"cg_iq_a",66068.7,18.7639
"cg_iq_a",66068.7,12.0497
"cg_iq_a",66068.8,18.7044
"cg_iq_a",66068.8,13.3339
"cg_iq_a",66068.8,15.7752
"cg_iq_a",66068.8,10.7351
"cg_iq_a",66068.8,18.7766
"cg_iq_a",66068.8,11.9918
"cg_iq_a",66068.8,24.087
"cg_iq_a",66068.8,9.11415
"cg_iq_a",66068.8,18.6316
"cg_iq_a",66068.8,9.27649
"cg_iq_a",66068.9,18.345
"cg_iq_a",66068.9,12.2648
"cg_iq_a",66068.9,18.8047
"cg_iq_a",66068.9,13.9502
"cg_iq_a",66068.9,16.341
"cg_iq_a",66068.9,8.70753
"cg_iq_a",66068.9,17.6774
"cg_iq_a",66068.9,14.2242
"cg_iq_a",66068.9,21.2262
"cg_iq_a",66068.9,7.76407
"cg_iq_a",66069,20.5998
"cg_iq_a",66069,8.7306
"cg_iq_a",66069,14.7419
"cg_iq_a",66069,12.8565
"cg_iq_a",66069,15.7134
"cg_iq_a",66069,14.4645
"cg_vd_v",66064,5.32456
"cg_vd_v",66064,5.60373
"cg_vd_v",66064,5.15651
"cg_vd_v",66064,5.55024
"cg_vd_v",66064,5.28051
"cg_vd_v",66064,5.50597
"cg_vd_v",66064,5.37545
"cg_vd_v",66064,5.37079
"cg_vd_v",66064,5.40552
"cg_vd_v",66064.1,5.58861
"cg_vd_v",66064.1,5.40503
"cg_vd_v",66064.1,5.66074
"cg_vd_v",66064.1,5.46049
"cg_vd_v",66064.1,5.56698
"cg_vd_v",66064.1,5.34854
"cg_vd_v",66064.1,5.4808
"cg_vd_v",66064.1,5.42693
"cg_vd_v",66064.1,5.46081
"cg_vd_v",66064.1,5.35537
"cg_vd_v",66064.2,5.32822
"cg_vd_v",66064.2,5.5225
"cg_vd_v",66064.2,5.45401
"cg_vd_v",66064.2,5.50917
"cg_vd_v",66064.2,5.66647
"cg_vd_v",66064.2,5.46214
"cg_vd_v",66064.2,5.54584
"cg_vd_v",66064.2,5.46061
"cg_vd_v",66064.2,5.4219
"cg_vd_v",66064.2,5.51822
"cg_vd_v",66064.3,5.39618
"cg_vd_v",66064.3,5.43612
"cg_vd_v",66064.3,5.27527
"cg_vd_v",66064.3,5.61758
"cg_vd_v",66064.3,5.47966
"cg_vd_v",66064.3,5.53823
"cg_vd_v",66064.3,5.50343
"cg_vd_v",66064.3,5.59125
"cg_vd_v",66064.3,5.49364
"cg_vd_v",66064.4,5.54037
"cg_vd_v",66064.4,5.26081
"cg_vd_v",66064.4,5.57095
"cg_vd_v",66064.4,5.35948
"cg_vd_v",66064.4,5.62977
"cg_vd_v",66064.4,5.33934
"cg_vd_v",66064.4,5.65205
"cg_vd_v",66064.4,5.38604
"cg_vd_v",66064.4,5.62948
"cg_vd_v",66064.4,5.4263
"cg_vd_v",66064.4,5.58801
"cg_vd_v",66064.5,5.39168
"cg_vd_v",66064.5,5.51302
"cg_vd_v",66064.5,5.27531
"cg_vd_v",66064.5,5.605
"cg_vd_v",66064.5,5.3872
"cg_vd_v",66064.5,5.61455
"cg_vd_v",66064.5,5.13554
"cg_vd_v",66064.5,5.56842
"cg_vd_v",66064.5,5.25615
"cg_vd_v",66064.5,5.66411
"cg_vd_v",66064.6,5.3922
"cg_vd_v",66064.6,5.60528
"cg_vd_v",66064.6,5.36811
"cg_vd_v",66064.6,5.44203
"cg_vd_v",66064.6,5.23322
"cg_vd_v",66064.6,5.54692
"cg_vd_v",66064.6,5.32497
"cg_vd_v",66064.6,5.63047
"cg_vd_v",66064.6,5.19258
"cg_vd_v",66064.6,5.59678
"cg_vd_v",66064.7,5.3328
"cg_vd_v",66064.7,5.59491
"cg_vd_v",66064.7,5.44164
"cg_vd_v",66064.7,5.58666
"cg_vd_v",66064.7,5.42614
"cg_vd_v",66064.7,5.52625
"cg_vd_v",66064.8,5.37468
"cg_vd_v",66064.8,5.5155
"cg_vd_v",66064.8,5.3284
"cg_vd_v",66064.8,5.65975
"cg_vd_v",66064.8,5.27583
"cg_vd_v",66064.8,5.511
"cg_vd_v",66064.8,5.54351
"cg_vd_v",66064.8,5.54634
"cg_vd_v",66064.9,5.39565
"cg_vd_v",66064.9,5.56754
"cg_vd_v",66064.9,5.50427
"cg_vd_v",66064.9,5.4968
"cg_vd_v",66064.9,5.34587
"cg_vd_v",66064.9,5.43285
"cg_vd_v",66065,5.4921
"cg_vd_v",66065,5.64547
"cg_vd_v",66065,5.3617
"cg_vd_v",66065,5.46329
"cg_vd_v",66065,5.53412
"cg_vd_v",66065,5.43733
"cg_vd_v",66065,5.54114
"cg_vd_v",66065.1,5.43018
"cg_vd_v",66065.1,5.43407
"cg_vd_v",66065.1,5.35856
"cg_vd_v",66065.1,5.58004
"cg_vd_v",66065.1,5.37877
"cg_vd_v",66065.1,5.5113
"cg_vd_v",66065.2,5.38494
"cg_vd_v",66065.2,5.50408
"cg_vd_v",66065.2,5.28322
"cg_vd_v",66065.2,5.49028
"cg_vd_v",66065.2,5.57215
"cg_vd_v",66065.2,5.47885
"cg_vd_v",66065.2,5.37687
"cg_vd_v",66065.2,5.58009
"cg_vd_v",66065.2,5.3438
"cg_vd_v",66065.2,5.74443
"cg_vd_v",66065.3,5.3039
"cg_vd_v",66065.3,5.57527
"cg_vd_v",66065.3,5.27984
"cg_vd_v",66065.3,5.54885
"cg_vd_v",66065.3,5.2975
"cg_vd_v",66065.3,5.49086
"cg_vd_v",66065.3,5.46051
"cg_vd_v",66065.3,5.4789
"cg_vd_v",66065.3,5.32535
"cg_vd_v",66065.3,5.62893
"cg_vd_v",66065.3,5.43015
"cg_vd_v",66065.4,5.74869
"cg_vd_v",66065.4,5.30022
"cg_vd_v",66065.4,5.60184
"cg_vd_v",66065.4,5.30769
"cg_vd_v",66065.4,5.52897
"cg_vd_v",66065.4,5.22307
"cg_vd_v",66065.4,5.48704
"cg_vd_v",66065.4,5.39664
"cg_vd_v",66065.4,5.4437
"cg_vd_v",66065.4,5.44247
"cg_vd_v",66065.4,5.56208
"cg_vd_v",66065.4,5.47084
"cg_vd_v",66065.5,5.65097
"cg_vd_v",66065.5,5.27586
"cg_vd_v",66065.5,5.54636
"cg_vd_v",66065.5,5.35403
"cg_vd_v",66065.5,5.441
"cg_vd_v",66065.5,5.38104
"cg_vd_v",66065.5,5.41813
"cg_vd_v",66065.5,5.47473
"cg_vd_v",66065.5,5.43272
"cg_vd_v",66065.5,5.35931
"cg_vd_v",66065.5,5.55172
"cg_vd_v",66065.6,5.32822
"cg_vd_v",66065.6,5.66765
"cg_vd_v",66065.6,5.49875
"cg_vd_v",66065.6,5.46289
"cg_vd_v",66065.6,5.54429
"cg_vd_v",66065.6,5.40728
"cg_vd_v",66065.6,5.34012
"cg_vd_v",66065.6,5.34099
"cg_vd_v",66065.6,5.54223
"cg_vd_v",66065.6,5.42726
"cg_vd_v",66065.7,5.36746
"cg_vd_v",66065.7,5.43854
"cg_vd_v",66065.7,5.5057
"cg_vd_v",66065.7,5.62135
"cg_vd_v",66065.7,5.6232
"cg_vd_v",66065.7,5.46927
"cg_vd_v",66065.7,5.55704
"cg_vd_v",66065.7,5.39294
"cg_vd_v",66065.7,5.44586
"cg_vd_v",66065.7,5.20214
"cg_vd_v",66065.7,5.54561
"cg_vd_v",66065.8,5.41681
"cg_vd_v",66065.8,5.56547
"cg_vd_v",66065.8,5.31608
"cg_vd_v",66065.8,5.55917
"cg_vd_v",66065.8,5.46752
"cg_vd_v",66065.8,5.53495
"cg_vd_v",66065.8,5.32314
"cg_vd_v",66065.8,5.54448
"cg_vd_v",66065.8,5.32597
"cg_vd_v",66065.8,5.57188
"cg_vd_v",66065.9,5.30977
"cg_vd_v",66065.9,5.63482
"cg_vd_v",66065.9,5.27968
"cg_vd_v",66065.9,5.59959
"cg_vd_v",66065.9,5.31346
"cg_vd_v",66065.9,5.56206
"cg_vd_v",66065.9,5.42869
"cg_vd_v",66065.9,5.68281
"cg_vd_v",66065.9,5.30691
"cg_vd_v",66065.9,5.5545
"cg_vd_v",66065.9,5.26257
"cg_vd_v",66065.9,5.61076
"cg_vd_v",66066,5.13853
"cg_vd_v",66066,5.62768
"cg_vd_v",66066,5.35726
"cg_vd_v",66066,5.46516
"cg_vd_v",66066,5.35568
"cg_vd_v",66066,5.51074
"cg_vd_v",66066,5.49691
"cg_vd_v",66066,5.637
"cg_vd_v",66066,5.38879
"cg_vd_v",66066,5.54053
"cg_vd_v",66066,5.26378
"cg_vd_v",66066.1,5.60107
"cg_vd_v",66066.1,5.16785
"cg_vd_v",66066.1,5.60045
"cg_vd_v",66066.1,5.47116
"cg_vd_v",66066.1,5.53904
"cg_vd_v",66066.1,5.34451
"cg_vd_v",66066.1,5.46243
"cg_vd_v",66066.1,5.44201
"cg_vd_v",66066.1,5.61841
"cg_vd_v",66066.1,5.28807
"cg_vd_v",66066.2,5.48546
"cg_vd_v",66066.2,5.28387
"cg_vd_v",66066.2,5.52424
"cg_vd_v",66066.2,5.3129
"cg_vd_v",66066.2,5.57537
"cg_vd_v",66066.2,5.57247
"cg_vd_v",66066.2,5.42969
"cg_vd_v",66066.2,5.42201
"cg_vd_v",66066.2,5.37954
"cg_vd_v",66066.2,5.69754
"cg_vd_v",66066.3,5.58767
"cg_vd_v",66066.3,5.45332
"cg_vd_v",66066.3,5.47924
"cg_vd_v",66066.3,5.39965
"cg_vd_v",66066.3,5.52262
"cg_vd_v",66066.3,5.49651
"cg_vd_v",66066.3,5.47416
"cg_vd_v",66066.3,5.42908
"cg_vd_v",66066.3,5.38578
"cg_vd_v",66066.4,5.62216
"cg_vd_v",66066.4,5.33065
"cg_vd_v",66066.4,5.63398
"cg_vd_v",66066.4,5.56748
"cg_vd_v",66066.4,5.53549
"cg_vd_v",66066.4,5.30414
"cg_vd_v",66066.4,5.48148
"cg_vd_v",66066.4,5.42847
"cg_vd_v",66066.4,5.36569
"cg_vd_v",66066.4,5.37014
"cg_vd_v",66066.5,5.58118
"cg_vd_v",66066.5,5.2527
"cg_vd_v",66066.5,5.68513
"cg_vd_v",66066.5,5.22375
"cg_vd_v",66066.5,5.73083
"cg_vd_v",66066.5,5.41152
"cg_vd_v",66066.5,5.66886
"cg_vd_v",66066.5,5.2641
"cg_vd_v",66066.5,5.51282
"cg_vd_v",66066.5,5.32743
"cg_vd_v",66066.5,5.45697
"cg_vd_v",66066.6,5.32679
"cg_vd_v",66066.6,5.55072
"cg_vd_v",66066.6,5.22178
"cg_vd_v",66066.6,5.71122
"cg_vd_v",66066.6,5.15072
"cg_vd_v",66066.6,5.65559
"cg_vd_v",66066.6,5.39904
"cg_vd_v",66066.6,5.66732
"cg_vd_v",66066.6,5.19711
"cg_vd_v",66066.6,5.49995
"cg_vd_v",66066.7,5.26199
"cg_vd_v",66066.7,5.42814
"cg_vd_v",66066.7,5.34296
"cg_vd_v",66066.7,5.58847
"cg_vd_v",66066.7,5.21891
"cg_vd_v",66066.7,5.69844
"cg_vd_v",66066.7,5.22733
"cg_vd_v",66066.7,5.67666
"cg_vd_v",66066.7,5.43362
"cg_vd_v",66066.8,5.59255
"cg_vd_v",66066.8,5.23031
"cg_vd_v",66066.8,5.38156
"cg_vd_v",66066.8,5.38224
"cg_vd_v",66066.8,5.50204
"cg_vd_v",66066.8,5.31352
"cg_vd_v",66066.8,5.52033
"cg_vd_v",66066.8,5.37866
"cg_vd_v",66066.8,5.62161
"cg_vd_v",66066.8,5.19889
"cg_vd_v",66066.9,5.62373
"cg_vd_v",66066.9,5.63648
"cg_vd_v",66066.9,5.56077
"cg_vd_v",66066.9,5.30173
"cg_vd_v",66066.9,5.36903
"cg_vd_v",66066.9,5.51857
"cg_vd_v",66066.9,5.47986
"cg_vd_v",66066.9,5.43082
"cg_vd_v",66066.9,5.45035
"cg_vd_v",66066.9,5.31484
"cg_vd_v",66067,5.55136
"cg_vd_v",66067,5.38035
"cg_vd_v",66067,5.51495
"cg_vd_v",66067,5.69718
"cg_vd_v",66067,5.48114
"cg_vd_v",66067,5.40003
"cg_vd_v",66067,5.24581
"cg_vd_v",66067,5.59516
"cg_vd_v",66067,5.37261
"cg_vd_v",66067,5.48976
"cg_vd_v",66067,5.4364
"cg_vd_v",66067.1,5.44132
"cg_vd_v",66067.1,5.54728
"cg_vd_v",66067.1,5.46867
"cg_vd_v",66067.1,5.53711
"cg_vd_v",66067.1,5.72204
"cg_vd_v",66067.1,5.43656
"cg_vd_v",66067.1,5.53173
"cg_vd_v",66067.1,5.30231
"cg_vd_v",66067.1,5.57753
"cg_vd_v",66067.1,5.35109
"cg_vd_v",66067.2,5.63493
"cg_vd_v",66067.2,5.2999
"cg_vd_v",66067.2,5.40803
"cg_vd_v",66067.2,5.40973
"cg_vd_v",66067.2,5.51538
"cg_vd_v",66067.2,5.40804
"cg_vd_v",66067.2,5.71239
"cg_vd_v",66067.2,5.35473
"cg_vd_v",66067.2,5.43874
"cg_vd_v",66067.2,5.19423
"cg_vd_v",66067.3,5.56364
"cg_vd_v",66067.3,5.29209
"cg_vd_v",66067.3,5.64337
"cg_vd_v",66067.3,5.29957
"cg_vd_v",66067.3,5.42226
"cg_vd_v",66067.3,5.38013
"cg_vd_v",66067.3,5.53578
"cg_vd_v",66067.3,5.36513
"cg_vd_v",66067.3,5.66736
"cg_vd_v",66067.4,5.37047
"cg_vd_v",66067.4,5.58328
"cg_vd_v",66067.4,5.26336
"cg_vd_v",66067.4,5.54173
"cg_vd_v",66067.4,5.32912
"cg_vd_v",66067.4,5.55248
"cg_vd_v",66067.4,5.36442
"cg_vd_v",66067.4,5.40667
"cg_vd_v",66067.4,5.47385
"cg_vd_v",66067.4,5.57066
"cg_vd_v",66067.5,5.55912
"cg_vd_v",66067.5,5.63063
"cg_vd_v",66067.5,5.45465
"cg_vd_v",66067.5,5.6001
"cg_vd_v",66067.5,5.23352
"cg_vd_v",66067.5,5.49365
"cg_vd_v",66067.5,5.48408
"cg_vd_v",66067.5,5.52645
"cg_vd_v",66067.5,5.45267
"cg_vd_v",66067.5,5.39927
"cg_vd_v",66067.6,5.50511
"cg_vd_v",66067.6,5.49637
"cg_vd_v",66067.6,5.6323
"cg_vd_v",66067.6,5.60853
"cg_vd_v",66067.6,5.54835
"cg_vd_v",66067.6,5.52936
"cg_vd_v",66067.6,5.46791
"cg_vd_v",66067.6,5.38772
"cg_vd_v",66067.6,5.5626
"cg_vd_v",66067.6,5.52111
"cg_vd_v",66067.6,5.44385
"cg_vd_v",66067.7,5.22919
"cg_vd_v",66067.7,5.63672
"cg_vd_v",66067.7,5.45187
"cg_vd_v",66067.7,5.58992
"cg_vd_v",66067.7,5.53198
"cg_vd_v",66067.7,5.60422
"cg_vd_v",66067.7,5.51615
"cg_vd_v",66067.7,5.55736
"cg_vd_v",66067.7,5.3791
"cg_vd_v",66067.8,5.63472
"cg_vd_v",66067.8,5.38915
"cg_vd_v",66067.8,5.56547
"cg_vd_v",66067.8,5.12444
"cg_vd_v",66067.8,5.59055
"cg_vd_v",66067.8,5.3388
"cg_vd_v",66067.8,5.65741
"cg_vd_v",66067.8,5.44378
"cg_vd_v",66067.8,5.60653
"cg_vd_v",66067.8,5.3715
"cg_vd_v",66067.9,5.39743
"cg_vd_v",66067.9,5.28529
"cg_vd_v",66067.9,5.5917
"cg_vd_v",66067.9,5.3366
"cg_vd_v",66067.9,5.58732
"cg_vd_v",66067.9,5.11287
"cg_vd_v",66067.9,5.61422
"cg_vd_v",66067.9,5.29292
"cg_vd_v",66067.9,5.71843
"cg_vd_v",66067.9,5.365
"cg_vd_v",66068,5.60773
"cg_vd_v",66068,5.32527
"cg_vd_v",66068,5.6011
"cg_vd_v",66068,5.22802
"cg_vd_v",66068,5.58177
"cg_vd_v",66068,5.26318
"cg_vd_v",66068,5.68956
"cg_vd_v",66068,5.08384
"cg_vd_v",66068,5.60679
"cg_vd_v",66068,5.47193
"cg_vd_v",66068.1,5.67394
"cg_vd_v",66068.1,5.44294
"cg_vd_v",66068.1,5.5513
"cg_vd_v",66068.1,5.32602
"cg_vd_v",66068.1,5.52507
"cg_vd_v",66068.1,5.40159
"cg_vd_v",66068.1,5.45857
"cg_vd_v",66068.1,5.299
"cg_vd_v",66068.1,5.60289
"cg_vd_v",66068.1,5.14962
"cg_vd_v",66068.1,5.61046
"cg_vd_v",66068.2,5.53836
"cg_vd_v",66068.2,5.56241
"cg_vd_v",66068.2,5.50034
"cg_vd_v",66068.2,5.56925
"cg_vd_v",66068.2,5.39935
"cg_vd_v",66068.2,5.49918
"cg_vd_v",66068.2,5.51015
"cg_vd_v",66068.2,5.40359
"cg_vd_v",66068.2,5.35389
"cg_vd_v",66068.2,5.62716
"cg_vd_v",66068.3,5.34196
"cg_vd_v",66068.3,5.50724
"cg_vd_v",66068.3,5.51374
"cg_vd_v",66068.3,5.45832
"cg_vd_v",66068.3,5.46346
"cg_vd_v",66068.3,5.4926
"cg_vd_v",66068.3,5.59889
"cg_vd_v",66068.3,5.49124
"cg_vd_v",66068.3,5.44127
"cg_vd_v",66068.4,5.49504
"cg_vd_v",66068.4,5.40899
"cg_vd_v",66068.4,5.52478
"cg_vd_v",66068.4,5.33248
"cg_vd_v",66068.4,5.40954
"cg_vd_v",66068.4,5.62511
"cg_vd_v",66068.4,5.43832
"cg_vd_v",66068.4,5.57253
"cg_vd_v",66068.4,5.40565
"cg_vd_v",66068.4,5.5105
"cg_vd_v",66068.5,5.49936
"cg_vd_v",66068.5,5.60286
"cg_vd_v",66068.5,5.26209
"cg_vd_v",66068.5,5.42366
"cg_vd_v",66068.5,5.54569
"cg_vd_v",66068.5,5.48846
"cg_vd_v",66068.5,5.3743
"cg_vd_v",66068.5,5.73611
"cg_vd_v",66068.5,5.34484
"cg_vd_v",66068.5,5.66306
"cg_vd_v",66068.6,5.43104
"cg_vd_v",66068.6,5.58469
"cg_vd_v",66068.6,5.31317
"cg_vd_v",66068.6,5.59076
"cg_vd_v",66068.6,5.24585
"cg_vd_v",66068.6,5.56749
"cg_vd_v",66068.6,5.46493
"cg_vd_v",66068.6,5.60243
"cg_vd_v",66068.6,5.28985
"cg_vd_v",66068.6,5.64814
"cg_vd_v",66068.7,5.3793
"cg_vd_v",66068.7,5.72013
"cg_vd_v",66068.7,5.2686
"cg_vd_v",66068.7,5.54342
"cg_vd_v",66068.7,5.28576
"cg_vd_v",66068.7,5.55449
"cg_vd_v",66068.7,5.32021
"cg_vd_v",66068.7,5.48202
"cg_vd_v",66068.7,5.51142
"cg_vd_v",66068.7,5.44121
"cg_vd_v",66068.7,5.27634
"cg_vd_v",66068.8,5.61944
"cg_vd_v",66068.8,5.4983
"cg_vd_v",66068.8,5.67945
"cg_vd_v",66068.8,5.29818
"cg_vd_v",66068.8,5.49812
"cg_vd_v",66068.8,5.47972
"cg_vd_v",66068.8,5.53058
"cg_vd_v",66068.8,5.29468
"cg_vd_v",66068.8,5.41793
"cg_vd_v",66068.8,5.463
"cg_vd_v",66068.9,5.49272
"cg_vd_v",66068.9,5.39949
"cg_vd_v",66068.9,5.49435
"cg_vd_v",66068.9,5.47234
"cg_vd_v",66068.9,5.70353
"cg_vd_v",66068.9,5.53125
"cg_vd_v",66068.9,5.53713
"cg_vd_v",66068.9,5.5764
"cg_vd_v",66068.9,5.46643
"cg_vd_v",66068.9,5.38663
"cg_vd_v",66069,5.45313
"cg_vd_v",66069,5.52405
"cg_vd_v",66069,5.37496
"cg_vd_v",66069,5.42874
"cg_vd_v",66069,5.44612
"cg_vd_v",66069,5.53796
"cg_vd_v",66069,5.6163
"cg_vd_v",66069,5.45405
"cg_vd_v",66069,5.43976
"cg_vd_v",66069,5.54986
"cg_vq_v",66064,-7.86413
"cg_vq_v",66064,-8.25682
"cg_vq_v",66064,-7.89189
"cg_vq_v",66064,-8.42938
"cg_vq_v",66064,-7.74688
"cg_vq_v",66064,-8.42558
"cg_vq_v",66064,-7.8727
"cg_vq_v",66064.1,-8.10287
"cg_vq_v",66064.1,-7.9425
"cg_vq_v",66064.1,-8.36938
"cg_vq_v",66064.1,-7.88995
"cg_vq_v",66064.1,-8.1131
"cg_vq_v",66064.1,-7.73009
"cg_vq_v",66064.1,-8.20674
"cg_vq_v",66064.1,-7.93298
"cg_vq_v",66064.1,-8.34768
"cg_vq_v",66064.1,-7.73847
"cg_vq_v",66064.2,-8.37155
"cg_vq_v",66064.2,-7.79337
"cg_vq_v",66064.2,-8.14164
"cg_vq_v",66064.2,-7.97079
"cg_vq_v",66064.2,-8.37169
"cg_vq_v",66064.2,-7.84479
"cg_vq_v",66064.2,-8.08522
"cg_vq_v",66064.2,-7.81805
"cg_vq_v",66064.2,-8.20031
"cg_vq_v",66064.2,-7.98763
"cg_vq_v",66064.3,-8.28288
"cg_vq_v",66064.3,-7.69242
"cg_vq_v",66064.3,-8.30757
"cg_vq_v",66064.3,-7.87136
"cg_vq_v",66064.3,-8.14219
"cg_vq_v",66064.3,-8.04344
"cg_vq_v",66064.3,-8.18164
"cg_vq_v",66064.3,-8.01453
"cg_vq_v",66064.3,-8.088
"cg_vq_v",66064.4,-7.92776
"cg_vq_v",66064.4,-7.97752
"cg_vq_v",66064.4,-8.06117
"cg_vq_v",66064.4,-8.28707
"cg_vq_v",66064.4,-7.92217
"cg_vq_v",66064.4,-8.2888
"cg_vq_v",66064.4,-8.01012
"cg_vq_v",66064.4,-7.93525
"cg_vq_v",66064.4,-8.19106
"cg_vq_v",66064.4,-8.06063
"cg_vq_v",66064.4,-7.92255
"cg_vq_v",66064.5,-8.02316
"cg_vq_v",66064.5,-8.04588
"cg_vq_v",66064.5,-7.953
"cg_vq_v",66064.5,-8.18182
"cg_vq_v",66064.5,-8.27685
"cg_vq_v",66064.5,-7.9075
"cg_vq_v",66064.5,-8.13397
"cg_vq_v",66064.5,-8.03132
"cg_vq_v",66064.5,-7.8784
"cg_vq_v",66064.5,-8.33367
"cg_vq_v",66064.6,-7.7836
"cg_vq_v",66064.6,-8.21575
"cg_vq_v",66064.6,-7.85358
"cg_vq_v",66064.6,-8.04612
"cg_vq_v",66064.6,-8.04271
"cg_vq_v",66064.6,-8.31386
"cg_vq_v",66064.6,-8.06604
"cg_vq_v",66064.6,-8.02359
"cg_vq_v",66064.6,-7.85533
"cg_vq_v",66064.6,-8.12245
"cg_vq_v",66064.7,-7.7909
"cg_vq_v",66064.7,-8.23139
"cg_vq_v",66064.7,-7.78121
"cg_vq_v",66064.7,-8.19748
"cg_vq_v",66064.7,-7.81319
"cg_vq_v",66064.7,-8.03793
"cg_vq_v",66064.8,-7.8988
"cg_vq_v",66064.8,-8.28599
"cg_vq_v",66064.8,-8.08583
"cg_vq_v",66064.8,-8.07979
"cg_vq_v",66064.8,-7.8891
"cg_vq_v",66064.8,-8.12526
"cg_vq_v",66064.8,-7.87173
"cg_vq_v",66064.8,-8.33376
"cg_vq_v",66064.9,-7.7868
"cg_vq_v",66064.9,-8.23098
"cg_vq_v",66064.9,-7.81727
"cg_vq_v",66064.9,-8.10046
"cg_vq_v",66064.9,-7.85651
"cg_vq_v",66064.9,-8.12162
"cg_vq_v",66065,-8.08396
"cg_vq_v",66065,-8.11609
"cg_vq_v",66065,-7.91841
"cg_vq_v",66065,-8.0954
"cg_vq_v",66065,-7.90473
"cg_vq_v",66065,-8.07131
"cg_vq_v",66065,-7.87344
"cg_vq_v",66065.1,-7.93009
"cg_vq_v",66065.1,-7.90637
"cg_vq_v",66065.1,-8.07139
"cg_vq_v",66065.1,-7.84512
"cg_vq_v",66065.1,-8.01349
"cg_vq_v",66065.1,-7.8688
"cg_vq_v",66065.2,-7.94827
"cg_vq_v",66065.2,-8.21087
"cg_vq_v",66065.2,-8.00741
"cg_vq_v",66065.2,-8.15476
"cg_vq_v",66065.2,-8.15958
"cg_vq_v",66065.2,-8.11581
"cg_vq_v",66065.2,-7.98943
"cg_vq_v",66065.2,-8.038
"cg_vq_v",66065.2,-8.03086
"cg_vq_v",66065.2,-8.1009
"cg_vq_v",66065.3,-7.93569
"cg_vq_v",66065.3,-7.95903
"cg_vq_v",66065.3,-7.84253
"cg_vq_v",66065.3,-8.29457
"cg_vq_v",66065.3,-8.0305
"cg_vq_v",66065.3,-8.33081
"cg_vq_v",66065.3,-7.90673
"cg_vq_v",66065.3,-8.1451
"cg_vq_v",66065.3,-8.00017
"cg_vq_v",66065.3,-8.23761
"cg_vq_v",66065.3,-8.03884
"cg_vq_v",66065.4,-8.06332
"cg_vq_v",66065.4,-7.93512
"cg_vq_v",66065.4,-8.1588
"cg_vq_v",66065.4,-7.82755
"cg_vq_v",66065.4,-8.30718
"cg_vq_v",66065.4,-7.85179
"cg_vq_v",66065.4,-8.37276
"cg_vq_v",66065.4,-7.9896
"cg_vq_v",66065.4,-8.14559
"cg_vq_v",66065.4,-7.93492
"cg_vq_v",66065.4,-8.21571
"cg_vq_v",66065.4,-7.95646
"cg_vq_v",66065.5,-8.21197
"cg_vq_v",66065.5,-7.93676
"cg_vq_v",66065.5,-8.15784
"cg_vq_v",66065.5,-7.77716
"cg_vq_v",66065.5,-8.17983
"cg_vq_v",66065.5,-7.783
"cg_vq_v",66065.5,-8.39882
"cg_vq_v",66065.5,-7.8852
"cg_vq_v",66065.5,-8.10068
"cg_vq_v",66065.5,-7.95785
"cg_vq_v",66065.5,-8.22481
"cg_vq_v",66065.6,-7.97027
"cg_vq_v",66065.6,-8.14907
"cg_vq_v",66065.6,-7.81289
"cg_vq_v",66065.6,-8.16585
"cg_vq_v",66065.6,-7.92349
"cg_vq_v",66065.6,-8.13643
"cg_vq_v",66065.6,-7.73675
"cg_vq_v",66065.6,-8.36795
"cg_vq_v",66065.6,-7.88928
"cg_vq_v",66065.6,-8.11825
"cg_vq_v",66065.7,-7.94818
"cg_vq_v",66065.7,-8.08173
"cg_vq_v",66065.7,-8.07138
"cg_vq_v",66065.7,-8.11964
"cg_vq_v",66065.7,-7.92149
"cg_vq_v",66065.7,-8.11992
"cg_vq_v",66065.7,-7.89473
"cg_vq_v",66065.7,-8.12186
"cg_vq_v",66065.7,-7.78392
"cg_vq_v",66065.7,-8.11711
"cg_vq_v",66065.7,-7.91466
"cg_vq_v",66065.8,-8.1182
"cg_vq_v",66065.8,-8.19808
"cg_vq_v",66065.8,-7.92942
"cg_vq_v",66065.8,-8.12137
"cg_vq_v",66065.8,-8.03917
"cg_vq_v",66065.8,-7.85087
"cg_vq_v",66065.8,-7.94166
"cg_vq_v",66065.8,-8.00882
"cg_vq_v",66065.8,-8.09849
"cg_vq_v",66065.8,-8.16798
"cg_vq_v",66065.9,-8.24923
"cg_vq_v",66065.9,-8.19549
"cg_vq_v",66065.9,-7.93245
"cg_vq_v",66065.9,-8.3589
"cg_vq_v",66065.9,-7.84235
"cg_vq_v",66065.9,-8.19474
"cg_vq_v",66065.9,-8.03246
"cg_vq_v",66065.9,-8.13186
"cg_vq_v",66065.9,-7.95553
"cg_vq_v",66065.9,-8.24498
"cg_vq_v",66065.9,-7.98173
"cg_vq_v",66065.9,-8.21783
"cg_vq_v",66066,-8.03272
"cg_vq_v",66066,-8.14666
"cg_vq_v",66066,-7.82895
"cg_vq_v",66066,-8.27197
"cg_vq_v",66066,-7.68054
"cg_vq_v",66066,-8.33974
"cg_vq_v",66066,-7.95128
"cg_vq_v",66066,-8.11224
"cg_vq_v",66066,-7.92866
"cg_vq_v",66066,-8.2058
"cg_vq_v",66066,-7.85641
"cg_vq_v",66066.1,-8.18152
"cg_vq_v",66066.1,-8.01012
"cg_vq_v",66066.1,-8.23809
"cg_vq_v",66066.1,-7.83066
"cg_vq_v",66066.1,-8.35012
"cg_vq_v",66066.1,-7.7296
"cg_vq_v",66066.1,-8.31202
"cg_vq_v",66066.1,-7.97735
"cg_vq_v",66066.1,-8.1212
"cg_vq_v",66066.1,-7.78345
"cg_vq_v",66066.2,-8.23913
"cg_vq_v",66066.2,-7.79516
"cg_vq_v",66066.2,-8.14855
"cg_vq_v",66066.2,-7.99106
"cg_vq_v",66066.2,-8.24412
"cg_vq_v",66066.2,-7.9524
"cg_vq_v",66066.2,-8.28567
"cg_vq_v",66066.2,-7.67342
"cg_vq_v",66066.2,-8.36262
"cg_vq_v",66066.2,-8.00275
"cg_vq_v",66066.3,-8.0215
"cg_vq_v",66066.3,-7.84927
"cg_vq_v",66066.3,-8.11219
"cg_vq_v",66066.3,-7.90123
"cg_vq_v",66066.3,-8.11607
"cg_vq_v",66066.3,-8.05106
"cg_vq_v",66066.3,-8.21084
"cg_vq_v",66066.3,-7.85166
"cg_vq_v",66066.3,-8.20977
"cg_vq_v",66066.4,-7.86424
"cg_vq_v",66066.4,-8.21739
"cg_vq_v",66066.4,-7.96353
"cg_vq_v",66066.4,-8.04178
"cg_vq_v",66066.4,-7.88937
"cg_vq_v",66066.4,-7.91822
"cg_vq_v",66066.4,-8.0091
"cg_vq_v",66066.4,-8.08857
"cg_vq_v",66066.4,-7.91004
"cg_vq_v",66066.4,-8.0965
"cg_vq_v",66066.5,-8.01675
"cg_vq_v",66066.5,-8.05713
"cg_vq_v",66066.5,-7.98141
"cg_vq_v",66066.5,-8.07464
"cg_vq_v",66066.5,-8.20285
"cg_vq_v",66066.5,-7.94182
"cg_vq_v",66066.5,-8.18757
"cg_vq_v",66066.5,-7.98777
"cg_vq_v",66066.5,-8.15468
"cg_vq_v",66066.5,-8.0079
"cg_vq_v",66066.5,-8.1809
"cg_vq_v",66066.6,-8.04866
"cg_vq_v",66066.6,-8.12606
"cg_vq_v",66066.6,-8.03945
"cg_vq_v",66066.6,-8.11857
"cg_vq_v",66066.6,-8.02505
"cg_vq_v",66066.6,-8.21531
"cg_vq_v",66066.6,-7.8917
"cg_vq_v",66066.6,-8.08198
"cg_vq_v",66066.6,-7.95619
"cg_vq_v",66066.6,-8.31075
"cg_vq_v",66066.7,-7.96165
"cg_vq_v",66066.7,-8.36754
"cg_vq_v",66066.7,-8.05314
"cg_vq_v",66066.7,-8.28301
"cg_vq_v",66066.7,-8.00206
"cg_vq_v",66066.7,-8.13211
"cg_vq_v",66066.7,-7.94294
"cg_vq_v",66066.7,-8.28054
"cg_vq_v",66066.7,-7.90012
"cg_vq_v",66066.8,-8.24671
"cg_vq_v",66066.8,-7.76189
"cg_vq_v",66066.8,-8.32127
"cg_vq_v",66066.8,-7.94655
"cg_vq_v",66066.8,-8.23908
"cg_vq_v",66066.8,-8.03405
"cg_vq_v",66066.8,-8.19444
"cg_vq_v",66066.8,-7.96964
"cg_vq_v",66066.8,-8.12482
"cg_vq_v",66066.8,-7.93344
"cg_vq_v",66066.9,-8.30392
"cg_vq_v",66066.9,-7.93601
"cg_vq_v",66066.9,-8.25947
"cg_vq_v",66066.9,-7.69398
"cg_vq_v",66066.9,-8.25001
"cg_vq_v",66066.9,-7.94831
"cg_vq_v",66066.9,-8.12926
"cg_vq_v",66066.9,-8.03022
"cg_vq_v",66066.9,-8.1447
"cg_vq_v",66066.9,-7.9134
"cg_vq_v",66067,-8.02222
"cg_vq_v",66067,-8.00885
"cg_vq_v",66067,-8.17804
"cg_vq_v",66067,-8.00688
"cg_vq_v",66067,-8.08902
"cg_vq_v",66067,-7.72006
"cg_vq_v",66067,-8.0682
"cg_vq_v",66067,-8.09819
"cg_vq_v",66067,-8.1436
"cg_vq_v",66067,-8.0816
"cg_vq_v",66067,-8.0539
"cg_vq_v",66067.1,-8.07492
"cg_vq_v",66067.1,-8.0067
"cg_vq_v",66067.1,-7.98139
"cg_vq_v",66067.1,-8.19977
"cg_vq_v",66067.1,-8.11807
"cg_vq_v",66067.1,-8.06002
"cg_vq_v",66067.1,-7.9974
"cg_vq_v",66067.1,-8.02304
"cg_vq_v",66067.1,-8.10466
"cg_vq_v",66067.1,-8.06365
"cg_vq_v",66067.2,-8.36333
"cg_vq_v",66067.2,-7.87404
"cg_vq_v",66067.2,-8.17108
"cg_vq_v",66067.2,-7.92467
"cg_vq_v",66067.2,-8.15132
"cg_vq_v",66067.2,-8.13292
"cg_vq_v",66067.2,-8.26594
"cg_vq_v",66067.2,-7.98868
"cg_vq_v",66067.2,-7.82132
"cg_vq_v",66067.2,-7.87459
"cg_vq_v",66067.3,-8.193
"cg_vq_v",66067.3,-8.01879
"cg_vq_v",66067.3,-8.45879
"cg_vq_v",66067.3,-7.77601
"cg_vq_v",66067.3,-8.34581
"cg_vq_v",66067.3,-7.94382
"cg_vq_v",66067.3,-8.24636
"cg_vq_v",66067.3,-8.07856
"cg_vq_v",66067.3,-8.1131
"cg_vq_v",66067.4,-7.84142
"cg_vq_v",66067.4,-8.05854
"cg_vq_v",66067.4,-7.79481
"cg_vq_v",66067.4,-8.29875
"cg_vq_v",66067.4,-7.99827
"cg_vq_v",66067.4,-8.45209
"cg_vq_v",66067.4,-7.70607
"cg_vq_v",66067.4,-8.34165
"cg_vq_v",66067.4,-7.82725
"cg_vq_v",66067.4,-8.17964
"cg_vq_v",66067.5,-8.06798
"cg_vq_v",66067.5,-8.26976
"cg_vq_v",66067.5,-7.81253
"cg_vq_v",66067.5,-8.09093
"cg_vq_v",66067.5,-7.83444
"cg_vq_v",66067.5,-8.23857
"cg_vq_v",66067.5,-8.01311
"cg_vq_v",66067.5,-8.40764
"cg_vq_v",66067.5,-7.70024
"cg_vq_v",66067.5,-8.3383
"cg_vq_v",66067.6,-7.85455
"cg_vq_v",66067.6,-8.19509
"cg_vq_v",66067.6,-8.11272
"cg_vq_v",66067.6,-8.23838
"cg_vq_v",66067.6,-7.84751
"cg_vq_v",66067.6,-8.06774
"cg_vq_v",66067.6,-7.84273
"cg_vq_v",66067.6,-8.14468
"cg_vq_v",66067.6,-8.06552
"cg_vq_v",66067.6,-8.40257
"cg_vq_v",66067.6,-7.68089
"cg_vq_v",66067.7,-8.10746
"cg_vq_v",66067.7,-7.94595
"cg_vq_v",66067.7,-8.09625
"cg_vq_v",66067.7,-8.08813
"cg_vq_v",66067.7,-8.16805
"cg_vq_v",66067.7,-7.93745
"cg_vq_v",66067.7,-8.03702
"cg_vq_v",66067.7,-7.96236
"cg_vq_v",66067.7,-8.17593
"cg_vq_v",66067.8,-8.1009
"cg_vq_v",66067.8,-8.23522
"cg_vq_v",66067.8,-7.75241
"cg_vq_v",66067.8,-8.0554
"cg_vq_v",66067.8,-7.95689
"cg_vq_v",66067.8,-8.05693
"cg_vq_v",66067.8,-8.22665
"cg_vq_v",66067.8,-8.00095
"cg_vq_v",66067.8,-8.16431
"cg_vq_v",66067.8,-7.98618
"cg_vq_v",66067.9,-7.86437
"cg_vq_v",66067.9,-8.10263
"cg_vq_v",66067.9,-8.23925
"cg_vq_v",66067.9,-8.20722
"cg_vq_v",66067.9,-7.86428
"cg_vq_v",66067.9,-7.94639
"cg_vq_v",66067.9,-8.07136
"cg_vq_v",66067.9,-7.94108
"cg_vq_v",66067.9,-8.45863
"cg_vq_v",66067.9,-7.84148
"cg_vq_v",66068,-8.10117
"cg_vq_v",66068,-7.90443
"cg_vq_v",66068,-8.17304
"cg_vq_v",66068,-7.98494
"cg_vq_v",66068,-8.34609
"cg_vq_v",66068,-8.06432
"cg_vq_v",66068,-8.12412
"cg_vq_v",66068,-7.86258
"cg_vq_v",66068,-8.2385
"cg_vq_v",66068,-7.86254
"cg_vq_v",66068.1,-8.27368
"cg_vq_v",66068.1,-7.7852
"cg_vq_v",66068.1,-8.19451
"cg_vq_v",66068.1,-7.80913
"cg_vq_v",66068.1,-8.16514
"cg_vq_v",66068.1,-7.95938
"cg_vq_v",66068.1,-8.29579
"cg_vq_v",66068.1,-8.06194
"cg_vq_v",66068.1,-8.16211
"cg_vq_v",66068.1,-7.83485
"cg_vq_v",66068.1,-8.18197
"cg_vq_v",66068.2,-7.85166
"cg_vq_v",66068.2,-8.31519
"cg_vq_v",66068.2,-7.74205
"cg_vq_v",66068.2,-8.17296
"cg_vq_v",66068.2,-7.78764
"cg_vq_v",66068.2,-8.13137
"cg_vq_v",66068.2,-8.06861
"cg_vq_v",66068.2,-8.14765
"cg_vq_v",66068.2,-8.01904
"cg_vq_v",66068.2,-8.09665
"cg_vq_v",66068.3,-7.86618
"cg_vq_v",66068.3,-8.19245
"cg_vq_v",66068.3,-7.90668
"cg_vq_v",66068.3,-8.20617
"cg_vq_v",66068.3,-7.78979
"cg_vq_v",66068.3,-8.17798
"cg_vq_v",66068.3,-7.8726
"cg_vq_v",66068.3,-8.08895
"cg_vq_v",66068.3,-8.03315
"cg_vq_v",66068.4,-8.35978
"cg_vq_v",66068.4,-8.01553
"cg_vq_v",66068.4,-8.02629
"cg_vq_v",66068.4,-7.83962
"cg_vq_v",66068.4,-8.04335
"cg_vq_v",66068.4,-8.00094
"cg_vq_v",66068.4,-8.23723
"cg_vq_v",66068.4,-7.75185
"cg_vq_v",66068.4,-7.97627
"cg_vq_v",66068.4,-7.85127
"cg_vq_v",66068.5,-8.07765
"cg_vq_v",66068.5,-8.2758
"cg_vq_v",66068.5,-8.01829
"cg_vq_v",66068.5,-8.16132
"cg_vq_v",66068.5,-8.01204
"cg_vq_v",66068.5,-8.06019
"cg_vq_v",66068.5,-8.01731
"cg_vq_v",66068.5,-8.15638
"cg_vq_v",66068.5,-8.08166
"cg_vq_v",66068.5,-7.88798
"cg_vq_v",66068.6,-8.10367
"cg_vq_v",66068.6,-8.11869
"cg_vq_v",66068.6,-7.86128
"cg_vq_v",66068.6,-8.26635
"cg_vq_v",66068.6,-7.93562
"cg_vq_v",66068.6,-8.14375
"cg_vq_v",66068.6,-7.98235
"cg_vq_v",66068.6,-8.16941
"cg_vq_v",66068.6,-8.02556
"cg_vq_v",66068.6,-8.31736
"cg_vq_v",66068.7,-8.1658
"cg_vq_v",66068.7,-8.06336
"cg_vq_v",66068.7,-7.93875
"cg_vq_v",66068.7,-8.20691
"cg_vq_v",66068.7,-7.85419
"cg_vq_v",66068.7,-8.38186
"cg_vq_v",66068.7,-7.85056
"cg_vq_v",66068.7,-8.35483
"cg_vq_v",66068.7,-7.87717
"cg_vq_v",66068.7,-8.15412
"cg_vq_v",66068.7,-7.97089
"cg_vq_v",66068.8,-8.18438
"cg_vq_v",66068.8,-8.03028
"cg_vq_v",66068.8,-8.12459
"cg_vq_v",66068.8,-7.814
"cg_vq_v",66068.8,-8.14281
"cg_vq_v",66068.8,-7.87143
"cg_vq_v",66068.8,-8.41218
"cg_vq_v",66068.8,-7.82809
"cg_vq_v",66068.8,-8.23489
"cg_vq_v",66068.8,-7.86079
"cg_vq_v",66068.9,-8.11616
"cg_vq_v",66068.9,-7.97765
"cg_vq_v",66068.9,-8.16563
"cg_vq_v",66068.9,-8.07708
"cg_vq_v",66068.9,-8.16843
"cg_vq_v",66068.9,-7.77013
"cg_vq_v",66068.9,-8.09743
"cg_vq_v",66068.9,-7.9595
"cg_vq_v",66068.9,-8.28752
"cg_vq_v",66068.9,-7.80206
"cg_vq_v",66069,-8.33532
"cg_vq_v",66069,-7.86191
"cg_vq_v",66069,-7.97258
"cg_vq_v",66069,-8.00806
"cg_vq_v",66069,-8.02858
"cg_vq_v",66069,-8.07986
"cg_vq_v",66069,-8.02688
"cg_vq_v",66069,-7.75361
"cg_vq_v",66069,-7.99092
"cg_vq_v",66069,-7.93775
"cg_vq_v",66069.1,-8.19623
"cg_vq_v",66069.1,-7.88745
"vdc_v",66064,48.8281
"vdc_v",66064,49.268
"vdc_v",66064,49.268
"vdc_v",66064.1,49.7079
"vdc_v",66064.1,49.7079
"vdc_v",66064.1,49.268
"vdc_v",66064.1,48.8281
"vdc_v",66064.1,49.268
"vdc_v",66064.1,49.268
"vdc_v",66064.1,49.7079
"vdc_v",66064.1,49.7079
"vdc_v",66064.1,49.268
"vdc_v",66064.1,48.8281
"vdc_v",66064.2,49.268
"vdc_v",66064.2,49.268
"vdc_v",66064.2,49.7079
"vdc_v",66064.2,49.7079
"vdc_v",66064.2,49.268
"vdc_v",66064.2,48.8281
"vdc_v",66064.2,49.268
"vdc_v",66064.2,49.7079
"vdc_v",66064.2,49.7079
"vdc_v",66064.2,49.7079
"vdc_v",66064.3,49.268
"vdc_v",66064.3,48.8281
"vdc_v",66064.3,49.268
"vdc_v",66064.3,49.268
"vdc_v",66064.3,49.7079
"vdc_v",66064.3,49.7079
"vdc_v",66064.3,49.268
"vdc_v",66064.3,48.8281
"vdc_v",66064.3,49.268
"vdc_v",66064.4,49.7079
"vdc_v",66064.4,49.7079
"vdc_v",66064.4,49.7079
"vdc_v",66064.4,49.268
"vdc_v",66064.4,48.8281
"vdc_v",66064.4,49.268
"vdc_v",66064.4,49.7079
"vdc_v",66064.4,50.1478
"vdc_v",66064.4,49.7079
"vdc_v",66064.4,48.8281
"vdc_v",66064.4,48.8281
"vdc_v",66064.5,49.268
"vdc_v",66064.5,49.7079
"vdc_v",66064.5,49.7079
"vdc_v",66064.5,49.7079
"vdc_v",66064.5,49.268
"vdc_v",66064.5,48.8281
"vdc_v",66064.5,49.268
"vdc_v",66064.5,49.7079
"vdc_v",66064.5,49.7079
"vdc_v",66064.5,49.7079
"vdc_v",66064.6,49.268
"vdc_v",66064.6,48.8281
"vdc_v",66064.6,48.8281
"vdc_v",66064.6,49.7079
"vdc_v",66064.6,49.7079
"vdc_v",66064.6,49.7079
"vdc_v",66064.6,49.268
"vdc_v",66064.6,48.8281
"vdc_v",66064.6,49.268
"vdc_v",66064.6,49.7079
"vdc_v",66064.7,50.1478
"vdc_v",66064.7,49.7079
"vdc_v",66064.7,48.8281
"vdc_v",66064.7,48.8281
"vdc_v",66064.7,48.8281
"vdc_v",66064.7,49.7079
"vdc_v",66064.8,49.7079
"vdc_v",66064.8,49.7079
"vdc_v",66064.8,49.268
"vdc_v",66064.8,48.8281
"vdc_v",66064.8,49.268
"vdc_v",66064.8,49.268
"vdc_v",66064.8,49.7079
"vdc_v",66064.8,49.7079
"vdc_v",66064.9,49.268
"vdc_v",66064.9,48.8281
"vdc_v",66064.9,49.268
"vdc_v",66064.9,49.7079
"vdc_v",66064.9,49.7079
"vdc_v",66064.9,49.7079
"vdc_v",66065,49.268
"vdc_v",66065,48.8281
"vdc_v",66065,49.268
"vdc_v",66065,49.268
"vdc_v",66065,49.7079
"vdc_v",66065,48.8281
"vdc_v",66065,49.268
"vdc_v",66065.1,49.7079
"vdc_v",66065.1,49.7079
"vdc_v",66065.1,49.7079
"vdc_v",66065.1,49.268
"vdc_v",66065.1,48.8281
"vdc_v",66065.1,49.268
"vdc_v",66065.2,49.7079
"vdc_v",66065.2,50.1478
"vdc_v",66065.2,49.7079
"vdc_v",66065.2,49.268
"vdc_v",66065.2,48.8281
"vdc_v",66065.2,49.268
"vdc_v",66065.2,49.7079
"vdc_v",66065.2,49.7079
"vdc_v",66065.2,49.7079
"vdc_v",66065.2,49.268
"vdc_v",66065.3,48.8281
"vdc_v",66065.3,49.268
"vdc_v",66065.3,49.7079
"vdc_v",66065.3,49.7079
"vdc_v",66065.3,49.7079
"vdc_v",66065.3,49.268
"vdc_v",66065.3,48.8281
"vdc_v",66065.3,49.268
"vdc_v",66065.3,49.7079
"vdc_v",66065.3,49.7079
"vdc_v",66065.3,49.7079
"vdc_v",66065.4,49.268
"vdc_v",66065.4,48.8281
"vdc_v",66065.4,49.268
"vdc_v",66065.4,49.7079
"vdc_v",66065.4,50.1478
"vdc_v",66065.4,49.7079
"vdc_v",66065.4,49.268
"vdc_v",66065.4,48.8281
"vdc_v",66065.4,49.268
"vdc_v",66065.4,49.7079
"vdc_v",66065.4,49.7079
"vdc_v",66065.4,49.7079
"vdc_v",66065.5,49.268
"vdc_v",66065.5,48.8281
"vdc_v",66065.5,48.8281
"vdc_v",66065.5,49.268
"vdc_v",66065.5,50.1478
"vdc_v",66065.5,49.7079
"vdc_v",66065.5,49.268
"vdc_v",66065.5,48.8281
"vdc_v",66065.5,48.8281
"vdc_v",66065.5,49.268
"vdc_v",66065.5,49.7079
"vdc_v",66065.6,49.7079
"vdc_v",66065.6,49.268
"vdc_v",66065.6,48.8281
"vdc_v",66065.6,49.268
"vdc_v",66065.6,49.7079
"vdc_v",66065.6,50.1478
"vdc_v",66065.6,49.7079
"vdc_v",66065.6,49.268
"vdc_v",66065.6,48.8281
"vdc_v",66065.6,49.268
"vdc_v",66065.7,49.7079
"vdc_v",66065.7,49.7079
"vdc_v",66065.7,49.7079
"vdc_v",66065.7,49.268
"vdc_v",66065.7,48.8281
"vdc_v",66065.7,48.8281
"vdc_v",66065.7,49.7079
"vdc_v",66065.7,49.7079
"vdc_v",66065.7,49.7079
"vdc_v",66065.7,49.268
"vdc_v",66065.7,48.8281
"vdc_v",66065.8,49.268
"vdc_v",66065.8,49.7079
"vdc_v",66065.8,49.7079
"vdc_v",66065.8,49.7079
"vdc_v",66065.8,49.268
"vdc_v",66065.8,48.8281
"vdc_v",66065.8,49.268
"vdc_v",66065.8,49.7079
"vdc_v",66065.8,49.7079
"vdc_v",66065.8,49.7079
"vdc_v",66065.9,49.268
"vdc_v",66065.9,48.8281
"vdc_v",66065.9,49.268
"vdc_v",66065.9,49.7079
"vdc_v",66065.9,49.7079
"vdc_v",66065.9,49.7079
"vdc_v",66065.9,49.268
"vdc_v",66065.9,48.3882
"vdc_v",66065.9,49.268
"vdc_v",66065.9,49.7079
"vdc_v",66065.9,49.7079
"vdc_v",66065.9,49.7079
"vdc_v",66066,48.8281
"vdc_v",66066,48.8281
"vdc_v",66066,48.8281
"vdc_v",66066,49.7079
"vdc_v",66066,49.7079
"vdc_v",66066,49.7079
"vdc_v",66066,49.268
"vdc_v",66066,48.8281
"vdc_v",66066,49.268
"vdc_v",66066,49.7079
"vdc_v",66066,49.7079
"vdc_v",66066.1,49.7079
"vdc_v",66066.1,49.268
"vdc_v",66066.1,48.8281
"vdc_v",66066.1,48.8281
"vdc_v",66066.1,49.7079
"vdc_v",66066.1,49.7079
"vdc_v",66066.1,50.1478
"vdc_v",66066.1,49.268
"vdc_v",66066.1,48.8281
"vdc_v",66066.1,48.8281
"vdc_v",66066.2,49.268
"vdc_v",66066.2,50.1478
"vdc_v",66066.2,49.7079
"vdc_v",66066.2,49.268
"vdc_v",66066.2,48.8281
"vdc_v",66066.2,48.8281
"vdc_v",66066.2,49.7079
"vdc_v",66066.2,49.7079
"vdc_v",66066.2,49.7079
"vdc_v",66066.2,49.268
"vdc_v",66066.3,48.8281
"vdc_v",66066.3,48.8281
"vdc_v",66066.3,49.7079
"vdc_v",66066.3,50.1478
"vdc_v",66066.3,49.7079
"vdc_v",66066.3,49.268
"vdc_v",66066.3,48.8281
"vdc_v",66066.3,48.8281
"vdc_v",66066.3,49.7079
"vdc_v",66066.4,49.7079
"vdc_v",66066.4,49.7079
"vdc_v",66066.4,49.268
"vdc_v",66066.4,48.8281
"vdc_v",66066.4,48.8281
"vdc_v",66066.4,49.268
"vdc_v",66066.4,50.1478
"vdc_v",66066.4,49.7079
"vdc_v",66066.4,49.268
"vdc_v",66066.4,48.8281
"vdc_v",66066.5,48.8281
"vdc_v",66066.5,49.268
"vdc_v",66066.5,49.7079
"vdc_v",66066.5,49.7079
"vdc_v",66066.5,49.268
"vdc_v",66066.5,48.8281
"vdc_v",66066.5,48.8281
"vdc_v",66066.5,49.7079
"vdc_v",66066.5,49.7079
"vdc_v",66066.5,49.7079
"vdc_v",66066.5,49.268
"vdc_v",66066.6,48.8281
"vdc_v",66066.6,48.8281
"vdc_v",66066.6,49.7079
"vdc_v",66066.6,49.7079
"vdc_v",66066.6,49.7079
"vdc_v",66066.6,49.268
"vdc_v",66066.6,48.8281
"vdc_v",66066.6,49.268
"vdc_v",66066.6,49.268
"vdc_v",66066.6,49.7079
"vdc_v",66066.7,49.7079
"vdc_v",66066.7,49.268
"vdc_v",66066.7,48.8281
"vdc_v",66066.7,48.8281
"vdc_v",66066.7,49.268
"vdc_v",66066.7,49.7079
"vdc_v",66066.7,49.7079
"vdc_v",66066.7,49.268
"vdc_v",66066.7,48.8281
"vdc_v",66066.8,48.8281
"vdc_v",66066.8,49.268
"vdc_v",66066.8,50.1478
"vdc_v",66066.8,49.7079
"vdc_v",66066.8,49.268
"vdc_v",66066.8,48.8281
"vdc_v",66066.8,48.8281
"vdc_v",66066.8,49.7079
"vdc_v",66066.8,49.7079
"vdc_v",66066.8,49.7079
"vdc_v",66066.9,49.268
"vdc_v",66066.9,48.8281
"vdc_v",66066.9,48.8281
"vdc_v",66066.9,49.7079
"vdc_v",66066.9,49.7079
"vdc_v",66066.9,49.7079
"vdc_v",66066.9,49.268
"vdc_v",66066.9,48.8281
"vdc_v",66066.9,48.8281
"vdc_v",66066.9,49.268
"vdc_v",66067,49.7079
"vdc_v",66067,50.1478
"vdc_v",66067,49.268
"vdc_v",66067,48.8281
"vdc_v",66067,48.8281
"vdc_v",66067,49.268
"vdc_v",66067,49.7079
"vdc_v",66067,49.7079
"vdc_v",66067,49.268
"vdc_v",66067,48.8281
"vdc_v",66067,48.8281
"vdc_v",66067.1,49.268
"vdc_v",66067.1,49.7079
"vdc_v",66067.1,50.1478
"vdc_v",66067.1,49.268
"vdc_v",66067.1,48.8281
"vdc_v",66067.1,48.8281
"vdc_v",66067.1,49.268
"vdc_v",66067.1,49.7079
"vdc_v",66067.1,50.1478
"vdc_v",66067.1,49.268
"vdc_v",66067.2,48.8281
"vdc_v",66067.2,48.8281
"vdc_v",66067.2,49.7079
"vdc_v",66067.2,49.7079
"vdc_v",66067.2,50.1478
"vdc_v",66067.2,49.268
"vdc_v",66067.2,48.8281
"vdc_v",66067.2,48.8281
"vdc_v",66067.2,49.268
"vdc_v",66067.2,49.7079
"vdc_v",66067.3,50.1478
"vdc_v",66067.3,49.7079
"vdc_v",66067.3,48.8281
"vdc_v",66067.3,48.3882
"vdc_v",66067.3,49.268
"vdc_v",66067.3,49.7079
"vdc_v",66067.3,50.1478
"vdc_v",66067.3,49.7079
"vdc_v",66067.3,48.8281
"vdc_v",66067.4,48.8281
"vdc_v",66067.4,49.268
"vdc_v",66067.4,49.7079
"vdc_v",66067.4,49.7079
"vdc_v",66067.4,49.268
"vdc_v",66067.4,48.8281
"vdc_v",66067.4,48.8281
"vdc_v",66067.4,49.7079
"vdc_v",66067.4,49.7079
"vdc_v",66067.4,50.1478
"vdc_v",66067.5,49.7079
"vdc_v",66067.5,48.8281
"vdc_v",66067.5,48.8281
"vdc_v",66067.5,49.268
"vdc_v",66067.5,49.7079
"vdc_v",66067.5,49.7079
"vdc_v",66067.5,49.268
"vdc_v",66067.5,48.8281
"vdc_v",66067.5,48.8281
"vdc_v",66067.5,49.268
"vdc_v",66067.6,49.7079
"vdc_v",66067.6,49.7079
"vdc_v",66067.6,49.7079
"vdc_v",66067.6,48.8281
"vdc_v",66067.6,48.8281
"vdc_v",66067.6,49.268
"vdc_v",66067.6,50.1478
"vdc_v",66067.6,50.1478
"vdc_v",66067.6,49.268
"vdc_v",66067.6,48.8281
"vdc_v",66067.6,48.8281
"vdc_v",66067.7,49.268
"vdc_v",66067.7,49.7079
"vdc_v",66067.7,49.7079
"vdc_v",66067.7,49.7079
"vdc_v",66067.7,48.8281
"vdc_v",66067.7,48.8281
"vdc_v",66067.7,49.268
"vdc_v",66067.7,50.1478
"vdc_v",66067.7,50.1478
"vdc_v",66067.8,49.268
"vdc_v",66067.8,48.8281
"vdc_v",66067.8,48.8281
"vdc_v",66067.8,49.268
"vdc_v",66067.8,49.7079
"vdc_v",66067.8,49.7079
"vdc_v",66067.8,49.7079
"vdc_v",66067.8,48.8281
"vdc_v",66067.8,48.8281
"vdc_v",66067.8,49.268
"vdc_v",66067.9,50.1478
"vdc_v",66067.9,50.1478
"vdc_v",66067.9,49.268
"vdc_v",66067.9,48.8281
"vdc_v",66067.9,48.8281
"vdc_v",66067.9,49.268
"vdc_v",66067.9,49.7079
"vdc_v",66067.9,49.7079
"vdc_v",66067.9,49.7079
"vdc_v",66067.9,48.8281
"vdc_v",66068,48.3882
"vdc_v",66068,49.268
"vdc_v",66068,49.7079
"vdc_v",66068,49.7079
"vdc_v",66068,49.268
"vdc_v",66068,48.8281
"vdc_v",66068,48.8281
"vdc_v",66068,49.268
"vdc_v",66068,49.7079
"vdc_v",66068,49.7079
"vdc_v",66068.1,49.268
"vdc_v",66068.1,48.8281
"vdc_v",66068.1,48.8281
"vdc_v",66068.1,49.268
"vdc_v",66068.1,49.7079
"vdc_v",66068.1,50.1478
"vdc_v",66068.1,49.268
"vdc_v",66068.1,48.8281
"vdc_v",66068.1,48.8281
"vdc_v",66068.1,49.268
"vdc_v",66068.1,49.7079
"vdc_v",66068.2,49.7079
"vdc_v",66068.2,49.268
"vdc_v",66068.2,48.8281
"vdc_v",66068.2,48.8281
"vdc_v",66068.2,49.268
"vdc_v",66068.2,49.7079
"vdc_v",66068.2,50.1478
"vdc_v",66068.2,49.268
"vdc_v",66068.2,48.8281
"vdc_v",66068.2,48.8281
"vdc_v",66068.3,49.268
"vdc_v",66068.3,49.7079
"vdc_v",66068.3,49.7079
"vdc_v",66068.3,49.7079
"vdc_v",66068.3,48.8281
"vdc_v",66068.3,48.8281
"vdc_v",66068.3,49.268
"vdc_v",66068.3,49.7079
"vdc_v",66068.3,50.1478
"vdc_v",66068.4,49.268
"vdc_v",66068.4,48.8281
"vdc_v",66068.4,48.3882
"vdc_v",66068.4,49.268
"vdc_v",66068.4,49.7079
"vdc_v",66068.4,50.1478
"vdc_v",66068.4,49.7079
"vdc_v",66068.4,48.8281
"vdc_v",66068.4,48.8281
"vdc_v",66068.4,49.268
"vdc_v",66068.5,49.7079
"vdc_v",66068.5,50.1478
"vdc_v",66068.5,49.7079
"vdc_v",66068.5,48.8281
"vdc_v",66068.5,48.8281
"vdc_v",66068.5,49.268
"vdc_v",66068.5,49.7079
"vdc_v",66068.5,50.1478
"vdc_v",66068.5,49.7079
"vdc_v",66068.5,48.8281
"vdc_v",66068.6,48.8281
"vdc_v",66068.6,49.268
"vdc_v",66068.6,49.7079
"vdc_v",66068.6,50.1478
"vdc_v",66068.6,49.268
"vdc_v",66068.6,49.268
"vdc_v",66068.6,48.8281
"vdc_v",66068.6,49.268
"vdc_v",66068.6,49.7079
"vdc_v",66068.6,50.1478
"vdc_v",66068.7,49.7079
"vdc_v",66068.7,48.8281
"vdc_v",66068.7,48.8281
"vdc_v",66068.7,49.268
"vdc_v",66068.7,49.7079
"vdc_v",66068.7,50.1478
"vdc_v",66068.7,49.268
"vdc_v",66068.7,48.8281
"vdc_v",66068.7,48.8281
"vdc_v",66068.7,49.268
"vdc_v",66068.7,49.7079
"vdc_v",66068.8,49.7079
"vdc_v",66068.8,49.268
"vdc_v",66068.8,48.8281
"vdc_v",66068.8,48.8281
"vdc_v",66068.8,49.268
"vdc_v",66068.8,49.7079
"vdc_v",66068.8,50.1478
"vdc_v",66068.8,49.268
"vdc_v",66068.8,48.8281
"vdc_v",66068.8,48.8281
"vdc_v",66068.9,49.268
"vdc_v",66068.9,50.1478
"vdc_v",66068.9,49.7079
"vdc_v",66068.9,49.268
"vdc_v",66068.9,48.8281
"vdc_v",66068.9,48.8281
"vdc_v",66068.9,49.7079
"vdc_v",66068.9,49.7079
"vdc_v",66068.9,50.1478
"vdc_v",66068.9,49.268
"vdc_v",66069,48.8281
"vdc_v",66069,48.8281
"vdc_v",66069,49.268
"vdc_v",66069,50.1478
"vdc_v",66069,49.7079
"vdc_v",66069,49.268
"vdc_v",66069,48.8281
"vdc_v",66069,48.8281
"vdc_v",66069,49.268
"vdc_v",66069,50.1478
"vdc_v",66069.1,50.1478
"vdc_v",66069.1,49.268
"vdc_v",66069.1,48.8281
"vdc_v",66069.1,48.8281
"vdc_v",66069.1,49.268
"vdc_v",66069.1,50.1478
"pwm_moe",66064.1,1
"pwm_moe",66064.1,1
"pwm_moe",66064.1,1
"pwm_moe",66064.1,1
"pwm_moe",66064.1,1
"pwm_moe",66064.1,1
"pwm_moe",66064.1,1
"pwm_moe",66064.1,1
"pwm_moe",66064.1,1
"pwm_moe",66064.1,1
"pwm_moe",66064.2,1
"pwm_moe",66064.2,1
"pwm_moe",66064.2,1
"pwm_moe",66064.2,1
"pwm_moe",66064.2,1
"pwm_moe",66064.2,1
"pwm_moe",66064.2,1
"pwm_moe",66064.2,1
"pwm_moe",66064.2,1
"pwm_moe",66064.2,1
"pwm_moe",66064.3,1
"pwm_moe",66064.3,1
"pwm_moe",66064.3,1
"pwm_moe",66064.3,1
"pwm_moe",66064.3,1
"pwm_moe",66064.3,1
"pwm_moe",66064.3,1
"pwm_moe",66064.3,1
"pwm_moe",66064.3,1
"pwm_moe",66064.4,1
"pwm_moe",66064.4,1
"pwm_moe",66064.4,1
"pwm_moe",66064.4,1
"pwm_moe",66064.4,1
"pwm_moe",66064.4,1
"pwm_moe",66064.4,1
"pwm_moe",66064.4,1
"pwm_moe",66064.4,1
"pwm_moe",66064.4,1
"pwm_moe",66064.4,1
"pwm_moe",66064.5,1
"pwm_moe",66064.5,1
"pwm_moe",66064.5,1
"pwm_moe",66064.5,1
"pwm_moe",66064.5,1
"pwm_moe",66064.5,1
"pwm_moe",66064.5,1
"pwm_moe",66064.5,1
"pwm_moe",66064.5,1
"pwm_moe",66064.5,1
"pwm_moe",66064.6,1
"pwm_moe",66064.6,1
"pwm_moe",66064.6,1
"pwm_moe",66064.6,1
"pwm_moe",66064.6,1
"pwm_moe",66064.6,1
"pwm_moe",66064.6,1
"pwm_moe",66064.6,1
"pwm_moe",66064.6,1
"pwm_moe",66064.6,1
"pwm_moe",66064.7,1
"pwm_moe",66064.7,1
"pwm_moe",66064.7,1
"pwm_moe",66064.7,1
"pwm_moe",66064.7,1
"pwm_moe",66064.7,1
"pwm_moe",66064.8,1
"pwm_moe",66064.8,1
"pwm_moe",66064.8,1
"pwm_moe",66064.8,1
"pwm_moe",66064.8,1
"pwm_moe",66064.8,1
"pwm_moe",66064.8,1
"pwm_moe",66064.8,1
"pwm_moe",66064.9,1
"pwm_moe",66064.9,1
"pwm_moe",66064.9,1
"pwm_moe",66064.9,1
"pwm_moe",66064.9,1
"pwm_moe",66064.9,1
"pwm_moe",66065,1
"pwm_moe",66065,1
"pwm_moe",66065,1
"pwm_moe",66065,1
"pwm_moe",66065,1
"pwm_moe",66065,1
"pwm_moe",66065,1
"pwm_moe",66065.1,1
"pwm_moe",66065.1,1
"pwm_moe",66065.1,1
"pwm_moe",66065.1,1
"pwm_moe",66065.1,1
"pwm_moe",66065.1,1
"pwm_moe",66065.2,1
"pwm_moe",66065.2,1
"pwm_moe",66065.2,1
"pwm_moe",66065.2,1
"pwm_moe",66065.2,1
"pwm_moe",66065.2,1
"pwm_moe",66065.2,1
"pwm_moe",66065.2,1
"pwm_moe",66065.2,1
"pwm_moe",66065.2,1
"pwm_moe",66065.3,1
"pwm_moe",66065.3,1
"pwm_moe",66065.3,1
"pwm_moe",66065.3,1
"pwm_moe",66065.3,1
"pwm_moe",66065.3,1
"pwm_moe",66065.3,1
"pwm_moe",66065.3,1
"pwm_moe",66065.3,1
"pwm_moe",66065.3,1
"pwm_moe",66065.3,1
"pwm_moe",66065.4,1
"pwm_moe",66065.4,1
"pwm_moe",66065.4,1
"pwm_moe",66065.4,1
"pwm_moe",66065.4,1
"pwm_moe",66065.4,1
"pwm_moe",66065.4,1
"pwm_moe",66065.4,1
"pwm_moe",66065.4,1
"pwm_moe",66065.4,1
"pwm_moe",66065.4,1
"pwm_moe",66065.4,1
"pwm_moe",66065.5,1
"pwm_moe",66065.5,1
"pwm_moe",66065.5,1
"pwm_moe",66065.5,1
"pwm_moe",66065.5,1
"pwm_moe",66065.5,1
"pwm_moe",66065.5,1
"pwm_moe",66065.5,1
"pwm_moe",66065.5,1
"pwm_moe",66065.5,1
"pwm_moe",66065.5,1
"pwm_moe",66065.6,1
"pwm_moe",66065.6,1
"pwm_moe",66065.6,1
"pwm_moe",66065.6,1
"pwm_moe",66065.6,1
"pwm_moe",66065.6,1
"pwm_moe",66065.6,1
"pwm_moe",66065.6,1
"pwm_moe",66065.6,1
"pwm_moe",66065.6,1
"pwm_moe",66065.7,1
"pwm_moe",66065.7,1
"pwm_moe",66065.7,1
"pwm_moe",66065.7,1
"pwm_moe",66065.7,1
"pwm_moe",66065.7,1
"pwm_moe",66065.7,1
"pwm_moe",66065.7,1
"pwm_moe",66065.7,1
"pwm_moe",66065.7,1
"pwm_moe",66065.7,1
"pwm_moe",66065.8,1
"pwm_moe",66065.8,1
"pwm_moe",66065.8,1
"pwm_moe",66065.8,1
"pwm_moe",66065.8,1
"pwm_moe",66065.8,1
"pwm_moe",66065.8,1
"pwm_moe",66065.8,1
"pwm_moe",66065.8,1
"pwm_moe",66065.8,1
"pwm_moe",66065.9,1
"pwm_moe",66065.9,1
"pwm_moe",66065.9,1
"pwm_moe",66065.9,1
"pwm_moe",66065.9,1
"pwm_moe",66065.9,1
"pwm_moe",66065.9,1
"pwm_moe",66065.9,1
"pwm_moe",66065.9,1
"pwm_moe",66065.9,1
"pwm_moe",66065.9,1
"pwm_moe",66065.9,1
"pwm_moe",66066,1
"pwm_moe",66066,1
"pwm_moe",66066,1
"pwm_moe",66066,1
"pwm_moe",66066,1
"pwm_moe",66066,1
"pwm_moe",66066,1
"pwm_moe",66066,1
"pwm_moe",66066,1
"pwm_moe",66066,1
"pwm_moe",66066,1
"pwm_moe",66066.1,1
"pwm_moe",66066.1,1
"pwm_moe",66066.1,1
"pwm_moe",66066.1,1
"pwm_moe",66066.1,1
"pwm_moe",66066.1,1
"pwm_moe",66066.1,1
"pwm_moe",66066.1,1
"pwm_moe",66066.1,1
"pwm_moe",66066.1,1
"pwm_moe",66066.2,1
"pwm_moe",66066.2,1
"pwm_moe",66066.2,1
"pwm_moe",66066.2,1
"pwm_moe",66066.2,1
"pwm_moe",66066.2,1
"pwm_moe",66066.2,1
"pwm_moe",66066.2,1
"pwm_moe",66066.2,1
"pwm_moe",66066.2,1
"pwm_moe",66066.3,1
"pwm_moe",66066.3,1
"pwm_moe",66066.3,1
"pwm_moe",66066.3,1
"pwm_moe",66066.3,1
"pwm_moe",66066.3,1
"pwm_moe",66066.3,1
"pwm_moe",66066.3,1
"pwm_moe",66066.3,1
"pwm_moe",66066.4,1
"pwm_moe",66066.4,1
"pwm_moe",66066.4,1
"pwm_moe",66066.4,1
"pwm_moe",66066.4,1
"pwm_moe",66066.4,1
"pwm_moe",66066.4,1
"pwm_moe",66066.4,1
"pwm_moe",66066.4,1
"pwm_moe",66066.4,1
"pwm_moe",66066.5,1
"pwm_moe",66066.5,1
"pwm_moe",66066.5,1
"pwm_moe",66066.5,1
"pwm_moe",66066.5,1
"pwm_moe",66066.5,1
"pwm_moe",66066.5,1
"pwm_moe",66066.5,1
"pwm_moe",66066.5,1
"pwm_moe",66066.5,1
"pwm_moe",66066.5,1
"pwm_moe",66066.6,1
"pwm_moe",66066.6,1
"pwm_moe",66066.6,1
"pwm_moe",66066.6,1
"pwm_moe",66066.6,1
"pwm_moe",66066.6,1
"pwm_moe",66066.6,1
"pwm_moe",66066.6,1
"pwm_moe",66066.6,1
"pwm_moe",66066.6,1
"pwm_moe",66066.7,1
"pwm_moe",66066.7,1
"pwm_moe",66066.7,1
"pwm_moe",66066.7,1
"pwm_moe",66066.7,1
"pwm_moe",66066.7,1
"pwm_moe",66066.7,1
"pwm_moe",66066.7,1
"pwm_moe",66066.7,1
"pwm_moe",66066.8,1
"pwm_moe",66066.8,1
"pwm_moe",66066.8,1
"pwm_moe",66066.8,1
"pwm_moe",66066.8,1
"pwm_moe",66066.8,1
"pwm_moe",66066.8,1
"pwm_moe",66066.8,1
"pwm_moe",66066.8,1
"pwm_moe",66066.8,1
"pwm_moe",66066.9,1
"pwm_moe",66066.9,1
"pwm_moe",66066.9,1
"pwm_moe",66066.9,1
"pwm_moe",66066.9,1
"pwm_moe",66066.9,1
"pwm_moe",66066.9,1
"pwm_moe",66066.9,1
"pwm_moe",66066.9,1
"pwm_moe",66066.9,1
"pwm_moe",66067,1
"pwm_moe",66067,1
"pwm_moe",66067,1
"pwm_moe",66067,1
"pwm_moe",66067,1
"pwm_moe",66067,1
"pwm_moe",66067,1
"pwm_moe",66067,1
"pwm_moe",66067,1
"pwm_moe",66067,1
"pwm_moe",66067,1
"pwm_moe",66067.1,1
"pwm_moe",66067.1,1
"pwm_moe",66067.1,1
"pwm_moe",66067.1,1
"pwm_moe",66067.1,1
"pwm_moe",66067.1,1
"pwm_moe",66067.1,1
"pwm_moe",66067.1,1
"pwm_moe",66067.1,1
"pwm_moe",66067.1,1
"pwm_moe",66067.2,1
"pwm_moe",66067.2,1
"pwm_moe",66067.2,1
"pwm_moe",66067.2,1
"pwm_moe",66067.2,1
"pwm_moe",66067.2,1
"pwm_moe",66067.2,1
"pwm_moe",66067.2,1
"pwm_moe",66067.2,1
"pwm_moe",66067.2,1
"pwm_moe",66067.3,1
"pwm_moe",66067.3,1
"pwm_moe",66067.3,1
"pwm_moe",66067.3,1
"pwm_moe",66067.3,1
"pwm_moe",66067.3,1
"pwm_moe",66067.3,1
"pwm_moe",66067.3,1
"pwm_moe",66067.3,1
"pwm_moe",66067.4,1
"pwm_moe",66067.4,1
"pwm_moe",66067.4,1
"pwm_moe",66067.4,1
"pwm_moe",66067.4,1
"pwm_moe",66067.4,1
"pwm_moe",66067.4,1
"pwm_moe",66067.4,1
"pwm_moe",66067.4,1
"pwm_moe",66067.4,1
"pwm_moe",66067.5,1
"pwm_moe",66067.5,1
"pwm_moe",66067.5,1
"pwm_moe",66067.5,1
"pwm_moe",66067.5,1
"pwm_moe",66067.5,1
"pwm_moe",66067.5,1
"pwm_moe",66067.5,1
"pwm_moe",66067.5,1
"pwm_moe",66067.5,1
"pwm_moe",66067.6,1
"pwm_moe",66067.6,1
"pwm_moe",66067.6,1
"pwm_moe",66067.6,1
"pwm_moe",66067.6,1
"pwm_moe",66067.6,1
"pwm_moe",66067.6,1
"pwm_moe",66067.6,1
"pwm_moe",66067.6,1
"pwm_moe",66067.6,1
"pwm_moe",66067.6,1
"pwm_moe",66067.7,1
"pwm_moe",66067.7,1
"pwm_moe",66067.7,1
"pwm_moe",66067.7,1
"pwm_moe",66067.7,1
"pwm_moe",66067.7,1
"pwm_moe",66067.7,1
"pwm_moe",66067.7,1
"pwm_moe",66067.7,1
"pwm_moe",66067.8,1
"pwm_moe",66067.8,1
"pwm_moe",66067.8,1
"pwm_moe",66067.8,1
"pwm_moe",66067.8,1
"pwm_moe",66067.8,1
"pwm_moe",66067.8,1
"pwm_moe",66067.8,1
"pwm_moe",66067.8,1
"pwm_moe",66067.8,1
"pwm_moe",66067.9,1
"pwm_moe",66067.9,1
"pwm_moe",66067.9,1
"pwm_moe",66067.9,1
"pwm_moe",66067.9,1
"pwm_moe",66067.9,1
"pwm_moe",66067.9,1
"pwm_moe",66067.9,1
"pwm_moe",66067.9,1
"pwm_moe",66067.9,1
"pwm_moe",66068,1
"pwm_moe",66068,1
"pwm_moe",66068,1
"pwm_moe",66068,1
"pwm_moe",66068,1
"pwm_moe",66068,1
"pwm_moe",66068,1
"pwm_moe",66068,1
"pwm_moe",66068,1
"pwm_moe",66068,1
"pwm_moe",66068.1,1
"pwm_moe",66068.1,1
"pwm_moe",66068.1,1
"pwm_moe",66068.1,1
"pwm_moe",66068.1,1
"pwm_moe",66068.1,1
"pwm_moe",66068.1,1
"pwm_moe",66068.1,1
"pwm_moe",66068.1,1
"pwm_moe",66068.1,1
"pwm_moe",66068.1,1
"pwm_moe",66068.2,1
"pwm_moe",66068.2,1
"pwm_moe",66068.2,1
"pwm_moe",66068.2,1
"pwm_moe",66068.2,1
"pwm_moe",66068.2,1
"pwm_moe",66068.2,1
"pwm_moe",66068.2,1
"pwm_moe",66068.2,1
"pwm_moe",66068.2,1
"pwm_moe",66068.3,1
"pwm_moe",66068.3,1
"pwm_moe",66068.3,1
"pwm_moe",66068.3,1
"pwm_moe",66068.3,1
"pwm_moe",66068.3,1
"pwm_moe",66068.3,1
"pwm_moe",66068.3,1
"pwm_moe",66068.3,1
"pwm_moe",66068.4,1
"pwm_moe",66068.4,1
"pwm_moe",66068.4,1
"pwm_moe",66068.4,1
"pwm_moe",66068.4,1
"pwm_moe",66068.4,1
"pwm_moe",66068.4,1
"pwm_moe",66068.4,1
"pwm_moe",66068.4,1
"pwm_moe",66068.4,1
"pwm_moe",66068.5,1
"pwm_moe",66068.5,1
"pwm_moe",66068.5,1
"pwm_moe",66068.5,1
"pwm_moe",66068.5,1
"pwm_moe",66068.5,1
"pwm_moe",66068.5,1
"pwm_moe",66068.5,1
"pwm_moe",66068.5,1
"pwm_moe",66068.5,1
"pwm_moe",66068.6,1
"pwm_moe",66068.6,1
"pwm_moe",66068.6,1
"pwm_moe",66068.6,1
"pwm_moe",66068.6,1
"pwm_moe",66068.6,1
"pwm_moe",66068.6,1
"pwm_moe",66068.6,1
"pwm_moe",66068.6,1
"pwm_moe",66068.6,1
"pwm_moe",66068.7,1
"pwm_moe",66068.7,1
"pwm_moe",66068.7,1
"pwm_moe",66068.7,1
"pwm_moe",66068.7,1
"pwm_moe",66068.7,1
"pwm_moe",66068.7,1
"pwm_moe",66068.7,1
"pwm_moe",66068.7,1
"pwm_moe",66068.7,1
"pwm_moe",66068.7,1
"pwm_moe",66068.8,1
"pwm_moe",66068.8,1
"pwm_moe",66068.8,1
"pwm_moe",66068.8,1
"pwm_moe",66068.8,1
"pwm_moe",66068.8,1
"pwm_moe",66068.8,1
"pwm_moe",66068.8,1
"pwm_moe",66068.8,1
"pwm_moe",66068.8,1
"pwm_moe",66068.9,1
"pwm_moe",66068.9,1
"pwm_moe",66068.9,1
"pwm_moe",66068.9,1
"pwm_moe",66068.9,1
"pwm_moe",66068.9,1
"pwm_moe",66068.9,1
"pwm_moe",66068.9,1
"pwm_moe",66068.9,1
"pwm_moe",66068.9,1
"pwm_moe",66069,1
"pwm_moe",66069,1
"pwm_moe",66069,1
"pwm_moe",66069,1
"pwm_moe",66069,1
"pwm_moe",66069,1
"pwm_moe",66069,1
"pwm_moe",66069,1
"pwm_moe",66069,1
"pwm_moe",66069,1
"pwm_moe",66069.1,1
"pwm_moe",66069.1,1
"pwm_moe",66069.1,1
"pwm_moe",66069.1,1
"pwm_moe",66069.1,1
"pwm_moe",66069.1,1
"pwm_moe",66069.1,1
"pwm_moe",66069.1,1
"pwm_moe",66069.1,1
"enc_rejects",66064.1,0
"enc_rejects",66064.1,0
"enc_rejects",66064.1,0
"enc_rejects",66064.1,0
"enc_rejects",66064.1,0
"enc_rejects",66064.1,0
"enc_rejects",66064.1,0
"enc_rejects",66064.1,0
"enc_rejects",66064.2,0
"enc_rejects",66064.2,0
"enc_rejects",66064.2,0
"enc_rejects",66064.2,0
"enc_rejects",66064.2,0
"enc_rejects",66064.2,0
"enc_rejects",66064.2,0
"enc_rejects",66064.2,0
"enc_rejects",66064.2,0
"enc_rejects",66064.2,0
"enc_rejects",66064.3,0
"enc_rejects",66064.3,0
"enc_rejects",66064.3,0
"enc_rejects",66064.3,0
"enc_rejects",66064.3,0
"enc_rejects",66064.3,0
"enc_rejects",66064.3,0
"enc_rejects",66064.3,0
"enc_rejects",66064.3,0
"enc_rejects",66064.4,0
"enc_rejects",66064.4,0
"enc_rejects",66064.4,0
"enc_rejects",66064.4,0
"enc_rejects",66064.4,0
"enc_rejects",66064.4,0
"enc_rejects",66064.4,0
"enc_rejects",66064.4,0
"enc_rejects",66064.4,0
"enc_rejects",66064.4,0
"enc_rejects",66064.4,0
"enc_rejects",66064.5,0
"enc_rejects",66064.5,0
"enc_rejects",66064.5,0
"enc_rejects",66064.5,0
"enc_rejects",66064.5,0
"enc_rejects",66064.5,0
"enc_rejects",66064.5,0
"enc_rejects",66064.5,0
"enc_rejects",66064.5,0
"enc_rejects",66064.5,0
"enc_rejects",66064.6,0
"enc_rejects",66064.6,0
"enc_rejects",66064.6,0
"enc_rejects",66064.6,0
"enc_rejects",66064.6,0
"enc_rejects",66064.6,0
"enc_rejects",66064.6,0
"enc_rejects",66064.6,0
"enc_rejects",66064.6,0
"enc_rejects",66064.6,0
"enc_rejects",66064.7,0
"enc_rejects",66064.7,0
"enc_rejects",66064.7,0
"enc_rejects",66064.7,0
"enc_rejects",66064.7,0
"enc_rejects",66064.7,0
"enc_rejects",66064.8,0
"enc_rejects",66064.8,0
"enc_rejects",66064.8,0
"enc_rejects",66064.8,0
"enc_rejects",66064.8,0
"enc_rejects",66064.8,0
"enc_rejects",66064.8,0
"enc_rejects",66064.8,0
"enc_rejects",66064.9,0
"enc_rejects",66064.9,0
"enc_rejects",66064.9,0
"enc_rejects",66064.9,0
"enc_rejects",66064.9,0
"enc_rejects",66064.9,0
"enc_rejects",66065,0
"enc_rejects",66065,0
"enc_rejects",66065,0
"enc_rejects",66065,0
"enc_rejects",66065,0
"enc_rejects",66065,0
"enc_rejects",66065,0
"enc_rejects",66065.1,0
"enc_rejects",66065.1,0
"enc_rejects",66065.1,0
"enc_rejects",66065.1,0
"enc_rejects",66065.1,0
"enc_rejects",66065.1,0
"enc_rejects",66065.2,0
"enc_rejects",66065.2,0
"enc_rejects",66065.2,0
"enc_rejects",66065.2,0
"enc_rejects",66065.2,0
"enc_rejects",66065.2,0
"enc_rejects",66065.2,0
"enc_rejects",66065.2,0
"enc_rejects",66065.2,0
"enc_rejects",66065.2,0
"enc_rejects",66065.3,0
"enc_rejects",66065.3,0
"enc_rejects",66065.3,0
"enc_rejects",66065.3,0
"enc_rejects",66065.3,0
"enc_rejects",66065.3,0
"enc_rejects",66065.3,0
"enc_rejects",66065.3,0
"enc_rejects",66065.3,0
"enc_rejects",66065.3,0
"enc_rejects",66065.3,0
"enc_rejects",66065.4,0
"enc_rejects",66065.4,0
"enc_rejects",66065.4,0
"enc_rejects",66065.4,0
"enc_rejects",66065.4,0
"enc_rejects",66065.4,0
"enc_rejects",66065.4,0
"enc_rejects",66065.4,0
"enc_rejects",66065.4,0
"enc_rejects",66065.4,0
"enc_rejects",66065.4,0
"enc_rejects",66065.4,0
"enc_rejects",66065.5,0
"enc_rejects",66065.5,0
"enc_rejects",66065.5,0
"enc_rejects",66065.5,0
"enc_rejects",66065.5,0
"enc_rejects",66065.5,0
"enc_rejects",66065.5,0
"enc_rejects",66065.5,0
"enc_rejects",66065.5,0
"enc_rejects",66065.5,0
"enc_rejects",66065.5,0
"enc_rejects",66065.6,0
"enc_rejects",66065.6,0
"enc_rejects",66065.6,0
"enc_rejects",66065.6,0
"enc_rejects",66065.6,0
"enc_rejects",66065.6,0
"enc_rejects",66065.6,0
"enc_rejects",66065.6,0
"enc_rejects",66065.6,0
"enc_rejects",66065.6,0
"enc_rejects",66065.7,0
"enc_rejects",66065.7,0
"enc_rejects",66065.7,0
"enc_rejects",66065.7,0
"enc_rejects",66065.7,0
"enc_rejects",66065.7,0
"enc_rejects",66065.7,0
"enc_rejects",66065.7,0
"enc_rejects",66065.7,0
"enc_rejects",66065.7,0
"enc_rejects",66065.7,0
"enc_rejects",66065.8,0
"enc_rejects",66065.8,0
"enc_rejects",66065.8,0
"enc_rejects",66065.8,0
"enc_rejects",66065.8,0
"enc_rejects",66065.8,0
"enc_rejects",66065.8,0
"enc_rejects",66065.8,0
"enc_rejects",66065.8,0
"enc_rejects",66065.8,0
"enc_rejects",66065.9,0
"enc_rejects",66065.9,0
"enc_rejects",66065.9,0
"enc_rejects",66065.9,0
"enc_rejects",66065.9,0
"enc_rejects",66065.9,0
"enc_rejects",66065.9,0
"enc_rejects",66065.9,0
"enc_rejects",66065.9,0
"enc_rejects",66065.9,0
"enc_rejects",66065.9,0
"enc_rejects",66065.9,0
"enc_rejects",66066,0
"enc_rejects",66066,0
"enc_rejects",66066,0
"enc_rejects",66066,0
"enc_rejects",66066,0
"enc_rejects",66066,0
"enc_rejects",66066,0
"enc_rejects",66066,0
"enc_rejects",66066,0
"enc_rejects",66066,0
"enc_rejects",66066,0
"enc_rejects",66066.1,0
"enc_rejects",66066.1,0
"enc_rejects",66066.1,0
"enc_rejects",66066.1,0
"enc_rejects",66066.1,0
"enc_rejects",66066.1,0
"enc_rejects",66066.1,0
"enc_rejects",66066.1,0
"enc_rejects",66066.1,0
"enc_rejects",66066.1,0
"enc_rejects",66066.2,0
"enc_rejects",66066.2,0
"enc_rejects",66066.2,0
"enc_rejects",66066.2,0
"enc_rejects",66066.2,0
"enc_rejects",66066.2,0
"enc_rejects",66066.2,0
"enc_rejects",66066.2,0
"enc_rejects",66066.2,0
"enc_rejects",66066.2,0
"enc_rejects",66066.3,0
"enc_rejects",66066.3,0
"enc_rejects",66066.3,0
"enc_rejects",66066.3,0
"enc_rejects",66066.3,0
"enc_rejects",66066.3,0
"enc_rejects",66066.3,0
"enc_rejects",66066.3,0
"enc_rejects",66066.3,0
"enc_rejects",66066.4,0
"enc_rejects",66066.4,0
"enc_rejects",66066.4,0
"enc_rejects",66066.4,0
"enc_rejects",66066.4,0
"enc_rejects",66066.4,0
"enc_rejects",66066.4,0
"enc_rejects",66066.4,0
"enc_rejects",66066.4,0
"enc_rejects",66066.4,0
"enc_rejects",66066.5,0
"enc_rejects",66066.5,0
"enc_rejects",66066.5,0
"enc_rejects",66066.5,0
"enc_rejects",66066.5,0
"enc_rejects",66066.5,0
"enc_rejects",66066.5,0
"enc_rejects",66066.5,0
"enc_rejects",66066.5,0
"enc_rejects",66066.5,0
"enc_rejects",66066.5,0
"enc_rejects",66066.6,0
"enc_rejects",66066.6,0
"enc_rejects",66066.6,0
"enc_rejects",66066.6,0
"enc_rejects",66066.6,0
"enc_rejects",66066.6,0
"enc_rejects",66066.6,0
"enc_rejects",66066.6,0
"enc_rejects",66066.6,0
"enc_rejects",66066.6,0
"enc_rejects",66066.7,0
"enc_rejects",66066.7,0
"enc_rejects",66066.7,0
"enc_rejects",66066.7,0
"enc_rejects",66066.7,0
"enc_rejects",66066.7,0
"enc_rejects",66066.7,0
"enc_rejects",66066.7,0
"enc_rejects",66066.7,0
"enc_rejects",66066.8,0
"enc_rejects",66066.8,0
"enc_rejects",66066.8,0
"enc_rejects",66066.8,0
"enc_rejects",66066.8,0
"enc_rejects",66066.8,0
"enc_rejects",66066.8,0
"enc_rejects",66066.8,0
"enc_rejects",66066.8,0
"enc_rejects",66066.8,0
"enc_rejects",66066.9,0
"enc_rejects",66066.9,0
"enc_rejects",66066.9,0
"enc_rejects",66066.9,0
"enc_rejects",66066.9,0
"enc_rejects",66066.9,0
"enc_rejects",66066.9,0
"enc_rejects",66066.9,0
"enc_rejects",66066.9,0
"enc_rejects",66066.9,0
"enc_rejects",66067,0
"enc_rejects",66067,0
"enc_rejects",66067,0
"enc_rejects",66067,0
"enc_rejects",66067,0
"enc_rejects",66067,0
"enc_rejects",66067,0
"enc_rejects",66067,0
"enc_rejects",66067,0
"enc_rejects",66067,0
"enc_rejects",66067,0
"enc_rejects",66067.1,0
"enc_rejects",66067.1,0
"enc_rejects",66067.1,0
"enc_rejects",66067.1,0
"enc_rejects",66067.1,0
"enc_rejects",66067.1,0
"enc_rejects",66067.1,0
"enc_rejects",66067.1,0
"enc_rejects",66067.1,0
"enc_rejects",66067.1,0
"enc_rejects",66067.2,0
"enc_rejects",66067.2,0
"enc_rejects",66067.2,0
"enc_rejects",66067.2,0
"enc_rejects",66067.2,0
"enc_rejects",66067.2,0
"enc_rejects",66067.2,0
"enc_rejects",66067.2,0
"enc_rejects",66067.2,0
"enc_rejects",66067.2,0
"enc_rejects",66067.3,0
"enc_rejects",66067.3,0
"enc_rejects",66067.3,0
"enc_rejects",66067.3,0
"enc_rejects",66067.3,0
"enc_rejects",66067.3,0
"enc_rejects",66067.3,0
"enc_rejects",66067.3,0
"enc_rejects",66067.3,0
"enc_rejects",66067.4,0
"enc_rejects",66067.4,0
"enc_rejects",66067.4,0
"enc_rejects",66067.4,0
"enc_rejects",66067.4,0
"enc_rejects",66067.4,0
"enc_rejects",66067.4,0
"enc_rejects",66067.4,0
"enc_rejects",66067.4,0
"enc_rejects",66067.4,0
"enc_rejects",66067.5,0
"enc_rejects",66067.5,0
"enc_rejects",66067.5,0
"enc_rejects",66067.5,0
"enc_rejects",66067.5,0
"enc_rejects",66067.5,0
"enc_rejects",66067.5,0
"enc_rejects",66067.5,0
"enc_rejects",66067.5,0
"enc_rejects",66067.5,0
"enc_rejects",66067.6,0
"enc_rejects",66067.6,0
"enc_rejects",66067.6,0
"enc_rejects",66067.6,0
"enc_rejects",66067.6,0
"enc_rejects",66067.6,0
"enc_rejects",66067.6,0
"enc_rejects",66067.6,0
"enc_rejects",66067.6,0
"enc_rejects",66067.6,0
"enc_rejects",66067.6,0
"enc_rejects",66067.7,0
"enc_rejects",66067.7,0
"enc_rejects",66067.7,0
"enc_rejects",66067.7,0
"enc_rejects",66067.7,0
"enc_rejects",66067.7,0
"enc_rejects",66067.7,0
"enc_rejects",66067.7,0
"enc_rejects",66067.7,0
"enc_rejects",66067.8,0
"enc_rejects",66067.8,0
"enc_rejects",66067.8,0
"enc_rejects",66067.8,0
"enc_rejects",66067.8,0
"enc_rejects",66067.8,0
"enc_rejects",66067.8,0
"enc_rejects",66067.8,0
"enc_rejects",66067.8,0
"enc_rejects",66067.8,0
"enc_rejects",66067.9,0
"enc_rejects",66067.9,0
"enc_rejects",66067.9,0
"enc_rejects",66067.9,0
"enc_rejects",66067.9,0
"enc_rejects",66067.9,0
"enc_rejects",66067.9,0
"enc_rejects",66067.9,0
"enc_rejects",66067.9,0
"enc_rejects",66067.9,0
"enc_rejects",66068,0
"enc_rejects",66068,0
"enc_rejects",66068,0
"enc_rejects",66068,0
"enc_rejects",66068,0
"enc_rejects",66068,0
"enc_rejects",66068,0
"enc_rejects",66068,0
"enc_rejects",66068,0
"enc_rejects",66068,0
"enc_rejects",66068.1,0
"enc_rejects",66068.1,0
"enc_rejects",66068.1,0
"enc_rejects",66068.1,0
"enc_rejects",66068.1,0
"enc_rejects",66068.1,0
"enc_rejects",66068.1,0
"enc_rejects",66068.1,0
"enc_rejects",66068.1,0
"enc_rejects",66068.1,0
"enc_rejects",66068.1,0
"enc_rejects",66068.2,0
"enc_rejects",66068.2,0
"enc_rejects",66068.2,0
"enc_rejects",66068.2,0
"enc_rejects",66068.2,0
"enc_rejects",66068.2,0
"enc_rejects",66068.2,0
"enc_rejects",66068.2,0
"enc_rejects",66068.2,0
"enc_rejects",66068.2,0
"enc_rejects",66068.3,0
"enc_rejects",66068.3,0
"enc_rejects",66068.3,0
"enc_rejects",66068.3,0
"enc_rejects",66068.3,0
"enc_rejects",66068.3,0
"enc_rejects",66068.3,0
"enc_rejects",66068.3,0
"enc_rejects",66068.3,0
"enc_rejects",66068.4,0
"enc_rejects",66068.4,0
"enc_rejects",66068.4,0
"enc_rejects",66068.4,0
"enc_rejects",66068.4,0
"enc_rejects",66068.4,0
"enc_rejects",66068.4,0
"enc_rejects",66068.4,0
"enc_rejects",66068.4,0
"enc_rejects",66068.4,0
"enc_rejects",66068.5,0
"enc_rejects",66068.5,0
"enc_rejects",66068.5,0
"enc_rejects",66068.5,0
"enc_rejects",66068.5,0
"enc_rejects",66068.5,0
"enc_rejects",66068.5,0
"enc_rejects",66068.5,0
"enc_rejects",66068.5,0
"enc_rejects",66068.5,0
"enc_rejects",66068.6,0
"enc_rejects",66068.6,0
"enc_rejects",66068.6,0
"enc_rejects",66068.6,0
"enc_rejects",66068.6,0
"enc_rejects",66068.6,0
"enc_rejects",66068.6,0
"enc_rejects",66068.6,0
"enc_rejects",66068.6,0
"enc_rejects",66068.6,0
"enc_rejects",66068.7,0
"enc_rejects",66068.7,0
"enc_rejects",66068.7,0
"enc_rejects",66068.7,0
"enc_rejects",66068.7,0
"enc_rejects",66068.7,0
"enc_rejects",66068.7,0
"enc_rejects",66068.7,0
"enc_rejects",66068.7,0
"enc_rejects",66068.7,0
"enc_rejects",66068.7,0
"enc_rejects",66068.8,0
"enc_rejects",66068.8,0
"enc_rejects",66068.8,0
"enc_rejects",66068.8,0
"enc_rejects",66068.8,0
"enc_rejects",66068.8,0
"enc_rejects",66068.8,0
"enc_rejects",66068.8,0
"enc_rejects",66068.8,0
"enc_rejects",66068.8,0
"enc_rejects",66068.9,0
"enc_rejects",66068.9,0
"enc_rejects",66068.9,0
"enc_rejects",66068.9,0
"enc_rejects",66068.9,0
"enc_rejects",66068.9,0
"enc_rejects",66068.9,0
"enc_rejects",66068.9,0
"enc_rejects",66068.9,0
"enc_rejects",66068.9,0
"enc_rejects",66069,0
"enc_rejects",66069,0
"enc_rejects",66069,0
"enc_rejects",66069,0
"enc_rejects",66069,0
"enc_rejects",66069,0
"enc_rejects",66069,0
"enc_rejects",66069,0
"enc_rejects",66069,0
"enc_rejects",66069,0
"enc_rejects",66069.1,0
"enc_rejects",66069.1,0
"enc_rejects",66069.1,0
"enc_rejects",66069.1,0
"enc_rejects",66069.1,0
"enc_rejects",66069.1,0
"enc_rejects",66069.1,0
"enc_rejects",66069.1,0
"enc_rejects",66069.1,0
"enc_rejects",66069.1,0
"enc_rejects",66069.2,0
