time,controller,id,iq,id_ref,iq_ref,ia,omega_m,omega_rpm,te,tl,duty
0,MPC,7.42307472,7.50000048,0,10,7.42307472,0,0,4.02912283,0,0.0433012731
0.000199999995,MPC,2.65890646,10.844245,0,10,2.38554978,0,0,5.84507942,0,0.022595739
0.00039999999,MPC,0.000639730075,10.0074215,0,10,-0.502177179,0,0,5.40400457,0,0.0066538048
0.00059999997,MPC,-0.5529176,9.84491253,0,10,-1.29293239,0,0,5.31829405,0,0.00372515572
0.00079999998,MPC,0.480947793,9.79795647,0,10,-0.504820168,0,0,5.28912926,0,0.00476574246
0.000999999931,MPC,-0.273423731,9.93295383,0,10,-1.51619673,0,0,5.36481333,0,0.00516070938
0.00119999994,MPC,0.605158269,9.71779251,0,10,-0.861570239,0,0,5.24540281,0,0.00392137468
0.00139999995,MPC,-0.141162947,9.97015953,0,10,-1.88399184,0,0,5.38441372,0,0.00564889051
0.00159999996,MPC,-0.552406669,9.89230633,0,10,-2.51687074,0,0,5.343894,0,0.00396966375
0.00179999997,MPC,0.543287516,9.70488262,0,10,-1.64707327,0,0,5.23865891,0,0.00435166433
0.00199999986,MPC,-0.0581398606,9.99053097,0,10,-2.54085755,0,0,5.39510441,0,0.0056812237
0.00219999999,MPC,-0.389235258,9.94271564,0,10,-3.08833861,0,0,5.37051725,0,0.0040465924
0.00239999988,MPC,-0.643622041,9.91525173,0,10,-3.55981398,0,0,5.35662889,0,0.00410625571
0.00260000001,MPC,0.534179091,9.64505863,0,10,-2.58959985,0,0,5.20639944,0,0.00421437249
0.0027999999,MPC,0.110029444,10.0111322,0,10,-3.34697795,0,0,5.40559816,0,0.00593647733
0.00300000003,MPC,-0.111624777,9.99038506,0,10,-3.78149223,0,0,5.395226,0,0.00411167601
0.00319999992,MPC,-0.267924309,9.98092079,0,10,-4.15282249,0,0,5.39069986,0,0.00414589094
0.00339999981,MPC,-0.367176622,9.9793005,0,10,-4.46934843,0,0,5.39019632,0,0.00416995445
0.00359999994,MPC,-0.416822195,9.98265648,0,10,-4.73846912,0,0,5.39219475,0,0.00418542884
0.00379999983,MPC,-0.423502862,9.98860931,0,10,-4.96669245,0,0,5.39543533,0,0.00419365428
0.00399999972,MPC,-0.39312911,9.99519634,0,10,-5.15972424,0,0,5.39887953,0,0.00419577584
0.00419999985,MPC,-0.330946386,10.0008087,0,10,-5.32255173,0,0,5.40167761,0,0.00419276347
0.00439999998,MPC,-0.241597891,10.0041332,0,10,-5.45951509,0,0,5.40313816,0,0.00418542698
0.0046000001,MPC,-0.129185364,10.0041075,0,10,-5.57438326,0,0,5.40270233,0,0.00417444855
0.00479999976,MPC,0.00267422781,9.99987602,0,10,-5.67041636,0,0,5.39992285,0,0.00416038791
0.00499999989,MPC,0.150795653,9.99075508,0,10,-5.75042152,0,0,5.39444256,0,0.00414370792
0.00520000001,MPC,0.312376678,9.97620487,0,10,-5.81681204,0,0,5.38598156,0,0.0041247881
0.00539999967,MPC,0.484952927,9.95580196,0,10,-5.87165213,0,0,5.37432194,0,0.00410392787
0.0055999998,MPC,0.666356623,9.92921925,0,10,-5.91670036,0,0,5.3592968,0,0.00408136519
0.00579999993,MPC,-0.511628807,9.66573238,0,10,-6.81913614,0,0,5.22134972,0,0.00423376821
0.00600000005,MPC,0.0187027231,9.99744129,0,10,-6.83008432,0,0,5.39854765,0,0.00584023725
0.00619999971,MPC,0.365331203,9.94433022,0,10,-6.72743511,0,0,5.36857605,0,0.00403091731
0.00639999984,MPC,0.692603648,9.8835392,0,10,-6.63877392,0,0,5.33454418,0,0.00399584789
0.00659999996,MPC,-0.479768306,9.74373055,0,10,-7.51012993,0,0,5.26336718,0,0.00463598454
0.00679999962,MPC,0.194897503,9.96094227,0,10,-7.38508558,0,0,5.3781805,0,0.00544115156
0.00699999975,MPC,0.633538246,9.86256027,0,10,-7.19539833,0,0,5.32343912,0,0.00390328979
0.00719999988,MPC,-0.463218272,9.78767014,0,10,-7.98213339,0,0,5.28704166,0,0.00475010416
0.0074,MPC,0.304748446,9.92351341,0,10,-7.77214718,0,0,5.35756254,0,0.0051790704
0.00759999966,MPC,-0.556160629,9.77046299,0,10,-8.29723358,0,0,5.27808762,0,0.0041276277
0.00779999979,MPC,0.32399863,9.90716457,0,10,-8.04842186,0,0,5.34866476,0,0.00529714022
0.00799999945,MPC,-0.514326751,9.80959892,0,10,-8.55810547,0,0,5.2990756,0,0.00431130826
0.00820000004,MPC,0.396282881,9.8716526,0,10,-8.26133919,0,0,5.32922506,0,0.00502996007
0.0083999997,MPC,-0.441790521,9.85407543,0,10,-8.79253769,0,0,5.32283306,0,0.00462580752
0.00859999936,MPC,0.471214741,9.82877254,0,10,-8.45003605,0,0,5.30579996,0,0.00468827551
0.00879999995,MPC,-0.357692063,9.89533138,0,10,-9.00523853,0,0,5.34480619,0,0.0049540312
0.00899999961,MPC,0.539837122,9.78113556,0,10,-8.62038326,0,0,5.27983284,0,0.00432573585
0.0092000002,MPC,-0.266018718,9.93168736,0,10,-9.19706821,0,0,5.36410141,0,0.00527536869
0.00939999986,MPC,0.600203454,9.72959328,0,10,-8.77268028,0,0,5.25179005,0,0.0039519635
0.00959999952,MPC,-0.168116882,9.96259022,0,10,-9.36825466,0,0,5.38042641,0,0.0055858097
0.00980000012,MPC,-0.594939411,9.87751293,0,10,-9.51240826,0,0,5.33606052,0,0.00395093206
0.00999999978,MPC,0.524459362,9.72453499,0,10,-9.08651543,0,0,5.24933624,0,0.00450886879
0.0101999994,MPC,-0.0955235288,9.98343086,0,10,-9.59656239,0,0,5.39140987,0,0.00557772303
0.0104,MPC,-0.442593843,9.93024063,0,10,-9.7019186,0,0,5.36397791,0,0.00403344491
0.0105999997,MPC,-0.711608827,9.89896202,0,10,-9.78644085,0,0,5.34808064,0,0.00409744354
0.0107999993,MPC,0.514353573,9.66956615,0,10,-9.34071255,0,0,5.21970034,0,0.00442937016
0.0109999999,MPC,0.0668737516,10.0074415,0,10,-9.81765175,0,0,5.40376759,0,0.00582147762
0.0111999996,MPC,-0.171564519,9.98350334,0,10,-9.87848568,0,0,5.39173412,0,0.00410472881
0.0113999993,MPC,-0.342766672,9.97218418,0,10,-9.92429352,0,0,5.38626099,0,0.00414271187
0.0115999999,MPC,-0.455152631,9.96984291,0,10,-9.95751572,0,0,5.38541651,0,0.00417001359
0.0117999995,MPC,-0.516283154,9.97344017,0,10,-9.9802351,0,0,5.3875885,0,0.00418827869
0.0120000001,MPC,-0.532922566,9.98044205,0,10,-9.99421024,0,0,5.39143324,0,0.00419889297
0.0121999998,MPC,-0.511103868,9.98875523,0,10,-10.0009212,0,0,5.39584208,0,0.00420306902
0.0123999994,MPC,-0.45619148,9.99665546,0,10,-10.0015984,0,0,5.39990377,0,0.00420181593
0.0126,MPC,-0.372942895,10.0027342,0,10,-9.99725819,0,0,5.40287495,0,0.00419599749
0.0127999997,MPC,-0.265567631,10.0058432,0,10,-9.98872375,0,0,5.40415144,0,0.00418632431
0.0129999993,MPC,-0.137783006,10.0050564,0,10,-9.97666168,0,0,5.40324688,0,0.00417340454
0.0131999999,MPC,0.00713353092,9.99963284,0,10,-9.96159649,0,0,5.39977503,0,0.00415773224
0.0133999996,MPC,0.166295364,9.9889822,0,10,-9.94393253,0,0,5.3934269,0,0.00413970649
0.0135999992,MPC,0.337161899,9.97263908,0,10,-9.92397213,0,0,5.38396406,0,0.00411965419
0.0137999998,MPC,0.51749748,9.95024109,0,10,-9.90192699,0,0,5.37119913,0,0.00409783749
0.0139999995,MPC,0.705333889,9.9215126,0,10,-9.87794113,0,0,5.35499239,0,0.00407446083
0.0142000001,MPC,-0.499147713,9.67933559,0,10,-9.35348129,0,0,5.22865248,0,0.00434827758
0.0143999998,MPC,0.0401529558,9.99429893,0,10,-9.72027206,0,0,5.39677095,0,0.0057716039
0.0145999994,MPC,0.394062787,9.93789005,0,10,-9.69664288,0,0,5.36499214,0,0.00402146438
0.0148,MPC,0.727276027,9.87384892,0,10,-9.67158508,0,0,5.32918549,0,0.00398591347
0.0149999997,MPC,-0.464677662,9.75593472,0,10,-9.13484955,0,0,5.26990461,0,0.00474272529
0.0151999993,MPC,0.214545414,9.95582867,0,10,-9.45965481,0,0,5.37534618,0,0.0053706211
0.0153999999,MPC,0.659374058,9.8532753,0,10,-9.44120598,0,0,5.31833172,0,0.0038910259
0.0155999996,MPC,-0.44862318,9.79788399,0,10,-8.89341831,0,0,5.29250526,0,0.00483749481
0.0157999992,MPC,0.321806014,9.91736126,0,10,-9.20643139,0,0,5.35417843,0,0.00511323381
0.0159999989,MPC,-0.544353902,9.7793045,0,10,-8.61680031,0,0,5.28282022,0,0.004191624
0.0162000004,MPC,0.338760912,9.90087128,0,10,-9.0017004,0,0,5.34521246,0,0.00523867551
0.0164000001,MPC,-0.501835287,9.81764507,0,10,-8.42580223,0,0,5.30337572,0,0.0043700384
0.0165999997,MPC,0.409671247,9.8646841,0,10,-8.78594208,0,0,5.3254137,0,0.00497122901
0.0167999994,MPC,-0.42811349,9.86134243,0,10,-8.23612309,0,0,5.32670784,0,0.00468222192
0.0169999991,MPC,0.483283848,9.8210907,0,10,-8.55117607,0,0,5.30160856,0,0.0046281009
0.0171999987,MPC,-0.342840433,9.90176582,0,10,-8.0334444,0,0,5.34822655,0,0.00500854058
0.0174000002,MPC,0.550515294,9.77279282,0,10,-8.2958765,0,0,5.27529049,0,0.00426399987
0.0175999999,MPC,-0.250098407,9.93723011,0,10,-7.81581974,0,0,5.36703587,0,0.00532796141
0.0177999996,MPC,-0.712070525,9.83352566,0,10,-7.29202747,0,0,5.31272984,0,0.00390205439
0.0179999992,MPC,0.467761487,9.77427006,0,10,-7.82936668,0,0,5.27639103,0,0.00493310671
0.0181999989,MPC,-0.189356759,9.96205235,0,10,-7.38956356,0,0,5.38021517,0,0.00529901963
0.0184000004,MPC,-0.57482177,9.89414787,0,10,-6.90886927,0,0,5.34497261,0,0.00399673218
0.0186000001,MPC,0.541251242,9.69595432,0,10,-7.35952568,0,0,5.23384714,0,0.00434756791
0.0187999997,MPC,-0.0318857059,9.99514103,0,10,-7.00040054,0,0,5.39749527,0,0.00572168175
0.0189999994,MPC,-0.345200092,9.95277023,0,10,-6.56150341,0,0,5.37578392,0,0.00406005746
0.019199999,MPC,-0.583453953,9.92914486,0,10,-6.17771053,0,0,5.36391068,0,0.00411524251
0.0193999987,MPC,-0.75546056,9.91975498,0,10,-5.8426466,0,0,5.359478,0,0.00415745052
0.0196000002,MPC,0.504537463,9.63499355,0,10,-6.44057083,0,0,5.20107317,0,0.00431648502
0.0197999999,MPC,0.168135867,10.0128078,0,10,-6.22059393,0,0,5.40628481,0,0.00595377851
0.0199999996,MPC,-0.00387550611,9.99976254,0,10,-5.87458467,0,0,5.39988613,0,0.00412939722
0.0201999992,MPC,-0.116548039,9.99457741,0,10,-5.57364035,0,0,5.39750862,0,0.00415379228
0.0203999989,MPC,-0.177705139,9.99434948,0,10,-5.31203222,0,0,5.39761448,0,0.00416944828
0.0206000004,MPC,-0.194313467,9.99667549,0,10,-5.08465004,0,0,5.39893293,0,0.00417773798
0.0208000001,MPC,-0.172559083,9.99957848,0,10,-4.8869524,0,0,5.40041924,0,0.00417983206
0.0209999997,MPC,-0.117919736,10.001441,0,10,-4.71490812,0,0,5.40122032,0,0.00417671911
0.0211999994,MPC,-0.0352351293,10.000948,0,10,-4.56495333,0,0,5.40064383,0,0.00416922523
0.021399999,MPC,0.0712277219,9.99703598,0,10,-4.43393803,0,0,5.39813185,0,0.00415804097
0.0215999987,MPC,0.197712868,9.98885441,0,10,-4.31909132,0,0,5.39324045,0,0.00414373912
0.0218000002,MPC,0.340917706,9.97572327,0,10,-4.21797371,0,0,5.38561487,0,0.00412677648
0.0219999999,MPC,0.497941375,9.9571085,0,10,-4.1284461,0,0,5.37497902,0,0.00410753954
0.0221999995,MPC,0.666236043,9.93259239,0,10,-4.04863262,0,0,5.36111784,0,0.00408632588
0.0223999992,MPC,-0.512233078,9.65963936,0,10,-2.61508203,0,0,5.21806049,0,0.00420441944
0.0225999989,MPC,0.00393531658,9.99948215,0,10,-2.9740386,0,0,5.39970493,0,0.00586807495
0.0227999985,MPC,0.342215717,9.94963551,0,10,-3.04501295,0,0,5.37152576,0,0.00403996557
0.023,MPC,0.662631214,9.8920784,0,10,-3.10189366,0,0,5.33926439,0,0.00400544424
0.0231999997,MPC,-0.4928675,9.73227024,0,10,-1.70237255,0,0,5.25722456,0,0.00454021618
0.0233999994,MPC,0.175932869,9.9657011,0,10,-2.16266131,0,0,5.38082123,0,0.00550619513
0.023599999,MPC,0.608161032,9.87143898,0,10,-2.3265264,0,0,5.32832527,0,0.00391532015
0.0237999987,MPC,-0.477260828,9.7774353,0,10,-0.997000694,0,0,5.28156471,0,0.00466413749
0.0240000002,MPC,0.287625432,9.92947197,0,10,-1.52987564,0,0,5.36084366,0,0.00524384622
0.0241999999,MPC,-0.567671537,9.76152325,0,10,-0.414903909,0,0,5.27330017,0,0.00406365329
0.0243999995,MPC,0.309066147,9.913311,0,10,-1.05495334,0,0,5.35203886,0,0.00535517372
0.0245999992,MPC,-0.526581407,9.80143166,0,10,0.0334221832,0,0,5.29470825,0,0.00425234344
0.0247999988,MPC,0.382691234,9.87849045,0,10,-0.63084662,0,0,5.3329668,0,0.00508838659
0.0249999985,MPC,-0.455258071,9.84667397,0,10,0.455228418,0,0,5.31888485,0,0.00456910487
0.0252,MPC,0.458921582,9.83633709,0,10,-0.211619049,0,0,5.30992889,0,0.00474818563
0.0253999997,MPC,-0.372357011,9.88875198,0,10,0.868708909,0,0,5.34130669,0,0.00489920797
0.0255999994,MPC,0.528918266,9.78937435,0,10,0.209954694,0,0,5.28431988,0,0.00438722922
0.025799999,MPC,-0.281775117,9.92599106,0,10,1.27650893,0,0,5.36108351,0,0.0052224407
0.0259999987,MPC,0.590743005,9.73843575,0,10,0.634431362,0,0,5.25659752,0,0.00401497353
0.0262000002,MPC,-0.184835494,9.95783234,0,10,1.67862463,0,0,5.3779192,0,0.00553485751
0.0263999999,MPC,-0.618873298,9.8691721,0,10,2.33661842,0,0,5.3316431,0,0.00394163327
0.0265999995,MPC,0.513684094,9.73470879,0,10,1.4407469,0,0,5.25486708,0,0.00459424779
0.0267999992,MPC,-0.114566572,9.97951698,0,10,2.34972548,0,0,5.38936758,0,0.00552261481
0.0269999988,MPC,-0.469459265,9.92353821,0,10,2.92255712,0,0,5.36045742,0,0.00402657129
0.0271999985,MPC,-0.74567163,9.89025593,0,10,3.41688466,0,0,5.34350348,0,0.00409275107
0.0274,MPC,0.503810644,9.68174076,0,10,2.39477062,0,0,5.22631073,0,0.00453755306
0.0275999997,MPC,0.0453350209,10.0052748,0,10,3.16815329,0,0,5.40267801,0,0.00576305855
0.0277999993,MPC,-0.201433852,9.97961903,0,10,3.62845874,0,0,5.3897481,0,0.00410091644
0.027999999,MPC,-0.380058497,9.96726131,0,10,4.02252388,0,0,5.38374138,0,0.00414080871
0.0281999987,MPC,-0.499008566,9.96446419,0,10,4.35899305,0,0,5.38267517,0,0.00416976726
0.0284000002,MPC,-0.56589824,9.96809673,0,10,4.64552402,0,0,5.38488722,0,0.00418945169
0.0285999998,MPC,-0.587548673,9.97555065,0,10,4.88887548,0,0,5.38899517,0,0.00420129392
0.0287999995,MPC,-0.570049703,9.98466587,0,10,5.09499359,0,0,5.39385414,0,0.00420652097
0.0289999992,MPC,-0.518822253,9.99365902,0,10,5.26908922,0,0,5.39851999,0,0.00420616614
0.0291999988,MPC,-0.438678205,10.001071,0,10,5.41571569,0,0,5.40222311,0,0.00420111977
0.0293999985,MPC,-0.333879232,10.0057116,0,10,5.5388341,0,0,5.40433693,0,0.0041921162
0.0296,MPC,-0.208191276,10.0066195,0,10,5.6418848,0,0,5.40435553,0,0.00417977897
0.0297999997,MPC,-0.0649370551,10.0030212,0,10,5.72783947,0,0,5.40187454,0,0.00416461332
0.0299999993,MPC,0.0929553509,9.99430084,0,10,5.79925776,0,0,5.39657354,0,0.00414704019
0.030199999,MPC,0.262908131,9.97997379,0,10,5.85833931,0,0,5.38820171,0,0.00412740139
0.0303999986,MPC,0.44265154,9.95965862,0,10,5.90696096,0,0,5.37656212,0,0.00410595769
0.0305999983,MPC,0.630187333,9.93306351,0,10,5.94672346,0,0,5.36150646,0,0.00408293027
0.0307999998,MPC,-0.522381365,9.6587038,0,10,6.82243919,0,0,5.21759224,0,0.00415457133
0.0309999995,MPC,0.0124119809,9.99830151,0,10,6.83521986,0,0,5.39903593,0,0.00587773928
0.0311999992,MPC,0.35994637,9.94515228,0,10,6.73180532,0,0,5.36903954,0,0.00403108262
0.0313999988,MPC,0.687992156,9.88431644,0,10,6.64249182,0,0,5.33498049,0,0.00399596756
0.0315999985,MPC,-0.481313974,9.7429018,0,10,7.51052904,0,0,5.26292562,0,0.00462556118
0.0317999981,MPC,0.194103196,9.96110249,0,10,7.38569021,0,0,5.37826967,0,0.00544600282
0.0319999978,MPC,0.632852197,9.86271191,0,10,7.19591427,0,0,5.32352352,0,0.00390330493
0.0321999975,MPC,-0.463471115,9.78755188,0,10,7.98216438,0,0,5.2869792,0,0.00474848785
0.0324000008,MPC,0.304624528,9.92354584,0,10,7.77221251,0,0,5.35758114,0,0.00517982384
0.0326000005,MPC,-0.556211889,9.77043819,0,10,8.2972126,0,0,5.27807426,0,0.00412731571
0.0328000002,MPC,0.32396993,9.90717411,0,10,8.04841137,0,0,5.34867048,0,0.0052973046
0.0329999998,MPC,-0.514342844,9.80959034,0,10,8.55807877,0,0,5.29907036,0,0.00431122212
0.0331999995,MPC,0.396270037,9.87165833,0,10,8.26131821,0,0,5.3292284,0,0.00503002154
0.0333999991,MPC,-0.441802025,9.85406876,0,10,8.79250908,0,0,5.32282925,0,0.00462575909
0.0335999988,MPC,0.471205562,9.82877827,0,10,8.45001316,0,0,5.3058033,0,0.0046883272
0.0337999985,MPC,-0.357703507,9.89532661,0,10,9.00521374,0,0,5.34480333,0,0.00495398976
0.0339999981,MPC,0.539828479,9.78114223,0,10,8.62036324,0,0,5.27983618,0,0.00432578288
0.0341999978,MPC,-0.266031474,9.93168354,0,10,9.19704533,0,0,5.3640995,0,0.00527532632
0.0343999974,MPC,0.600195348,9.72959995,0,10,8.7726593,0,0,5.25179386,0,0.00395201193
0.0346000008,MPC,-0.168131486,9.9625864,0,10,9.36823273,0,0,5.3804245,0,0.00558577012
0.0348000005,MPC,-0.594959974,9.8775053,0,10,9.51238823,0,0,5.33605623,0,0.00395092368
0.0350000001,MPC,0.524450719,9.72454357,0,10,9.08650112,0,0,5.24934101,0,0.00450894376
0.0351999998,MPC,-0.0955398902,9.983428,0,10,9.59654331,0,0,5.39140844,0,0.0055776774
0.0353999995,MPC,-0.442617089,9.93023491,0,10,9.70190334,0,0,5.36397505,0,0.00403343746
0.0355999991,MPC,-0.711638689,9.89895439,0,10,9.78642845,0,0,5.34807682,0,0.00409743935
0.0357999988,MPC,0.514344454,9.6695776,0,10,9.34070492,0,0,5.21970654,0,0.00442946609
0.0359999985,MPC,0.0668541342,10.0074396,0,10,9.8176384,0,0,5.40376663,0,0.00582142314
0.0361999981,MPC,-0.171592191,9.98350048,0,10,9.87847519,0,0,5.39173222,0,0.00410472602
0.0363999978,MPC,-0.342801452,9.97217941,0,10,9.92428589,0,0,5.38625813,0,0.00414270675
0.0365999974,MPC,-0.455194086,9.96983814,0,10,9.95751095,0,0,5.38541412,0,0.00417001499
0.0368000008,MPC,-0.51633054,9.97343445,0,10,9.98023033,0,0,5.38758564,0,0.00418827869
0.0370000005,MPC,-0.532975316,9.98043728,0,10,9.99420834,0,0,5.39143038,0,0.00419889856
0.0372000001,MPC,-0.511161387,9.98875141,0,10,10.0009212,0,0,5.39584017,0,0.00420307321
0.0373999998,MPC,-0.456253231,9.99665356,0,10,10.0016012,0,0,5.3999033,0,0.00420182059
0.0375999995,MPC,-0.3730084,10.0027323,0,10,9.99725914,0,0,5.40287399,0,0.00419599796
0.0377999991,MPC,-0.265636355,10.0058432,0,10,9.98872757,0,0,5.40415192,0,0.00418633269
0.0379999988,MPC,-0.137854561,10.0050583,0,10,9.97666645,0,0,5.40324831,0,0.00417341199
0.0381999984,MPC,0.00705950987,9.99963665,0,10,9.96160126,0,0,5.39977694,0,0.00415773969
0.0383999981,MPC,0.166219234,9.98898792,0,10,9.94393921,0,0,5.39343071,0,0.00413971441
0.0385999978,MPC,0.337084055,9.97264671,0,10,9.92397785,0,0,5.38396835,0,0.00411966396
0.0387999974,MPC,0.517418325,9.95025158,0,10,9.90193367,0,0,5.37120485,0,0.00409784913
0.0390000008,MPC,0.705253601,9.92152596,0,10,9.87795067,0,0,5.35500002,0,0.00407447107
0.0392000005,MPC,-0.499172837,9.67931271,0,10,9.35347939,0,0,5.22864056,0,0.0043480671
0.0394000001,MPC,0.04012217,9.9943037,0,10,9.72029209,0,0,5.39677334,0,0.00577172171
0.0395999998,MPC,0.394024193,9.93789864,0,10,9.69666386,0,0,5.36499643,0,0.00402147509
0.0397999994,MPC,0.727231026,9.87386227,0,10,9.67160702,0,0,5.32919264,0,0.00398592558
0.0399999991,MPC,-0.464696586,9.75592041,0,10,9.13486481,0,0,5.26989698,0,0.00474258652
0.0401999988,MPC,0.214521021,9.95583534,0,10,9.45968533,0,0,5.37535,0,0.00537070585
0.0403999984,MPC,0.659341991,9.8532877,0,10,9.4412365,0,0,5.31833887,0,0.00389104057
0.0405999981,MPC,-0.448641002,9.79787159,0,10,8.89344311,0,0,5.29249859,0,0.00483738305
0.0407999977,MPC,0.321785003,9.91736984,0,10,9.20647049,0,0,5.35418272,0,0.00511331577
0.0409999974,MPC,-0.544368088,9.77929401,0,10,8.61683464,0,0,5.28281498,0,0.00419154065
0.0412000008,MPC,0.338742435,9.90087891,0,10,9.00174236,0,0,5.34521675,0,0.00523874583
0.0414000005,MPC,-0.501851559,9.81763554,0,10,8.42584038,0,0,5.30337048,0,0.00436996669
0.0416000001,MPC,0.409653783,9.86469364,0,10,8.78598881,0,0,5.32541847,0,0.00497130165
0.0417999998,MPC,-0.428131163,9.86133385,0,10,8.23616505,0,0,5.32670355,0,0.00468214788
0.0419999994,MPC,0.48326841,9.82110119,0,10,8.55122757,0,0,5.30161476,0,0.00462817634
0.0421999991,MPC,-0.342859,9.90175819,0,10,8.03349018,0,0,5.34822226,0,0.00500846794
0.0423999988,MPC,0.550501645,9.77280331,0,10,8.29593182,0,0,5.27529621,0,0.00426407624
0.0425999984,MPC,-0.250119239,9.93722343,0,10,7.81586695,0,0,5.36703205,0,0.00532789622
0.0427999981,MPC,-0.712099731,9.83351326,0,10,7.29207039,0,0,5.31272316,0,0.00390203996
0.0429999977,MPC,0.467746139,9.77428246,0,10,7.82942915,0,0,5.27639771,0,0.00493321521
0.0431999974,MPC,-0.189380363,9.96204662,0,10,7.38961506,0,0,5.38021231,0,0.00529894792
0.0433999971,MPC,-0.57485491,9.89413738,0,10,6.90891504,0,0,5.34496689,0,0.003996721
0.0436000004,MPC,0.541238785,9.69596767,0,10,7.35959387,0,0,5.23385429,0,0.00434768293
0.0438000001,MPC,-0.0319106132,9.99513721,0,10,7.00045633,0,0,5.39749384,0,0.00572161423
0.0439999998,MPC,-0.345235229,9.9527626,0,10,6.56155205,0,0,5.37578011,0,0.00406004908
0.0441999994,MPC,-0.583498716,9.92913628,0,10,6.1777544,0,0,5.36390638,0,0.00411524065
0.0443999991,MPC,-0.755513549,9.91974449,0,10,5.84268475,0,0,5.35947227,0,0.00415744539
0.0445999987,MPC,0.504524231,9.63501072,0,10,6.4406476,0,0,5.20108271,0,0.00431664288
0.0447999984,MPC,0.16810666,10.0128069,0,10,6.22065353,0,0,5.40628433,0,0.00595370075
0.0449999981,MPC,-0.00391546683,9.99975967,0,10,5.87463713,0,0,5.3998847,0,0.00412939396
0.0451999977,MPC,-0.116597421,9.99457455,0,10,5.57368612,0,0,5.39750719,0,0.00415379368
0.0453999974,MPC,-0.177762568,9.99434662,0,10,5.31207228,0,0,5.39761305,0,0.00416944921
0.045599997,MPC,-0.194378003,9.99667263,0,10,5.08468533,0,0,5.39893198,0,0.00417774078
0.0458000004,MPC,-0.172629565,9.99957752,0,10,4.88698435,0,0,5.40041924,0,0.00417983904
0.0460000001,MPC,-0.117995329,10.001441,0,10,4.71493626,0,0,5.4012208,0,0.00417672331
0.0461999997,MPC,-0.0353149772,10.0009499,0,10,4.56497765,0,0,5.40064526,0,0.00416923314
0.0463999994,MPC,0.0711443499,9.99703979,0,10,4.43395996,0,0,5.39813471,0,0.00415804842
0.0465999991,MPC,0.197626591,9.98886013,0,10,4.31911087,0,0,5.39324427,0,0.00414374704
0.0467999987,MPC,0.340829194,9.97573185,0,10,4.21799183,0,0,5.38562012,0,0.00412678719
0.0469999984,MPC,0.497851104,9.95711899,0,10,4.12846231,0,0,5.37498522,0,0.00410754886
0.0471999981,MPC,0.666144729,9.93260574,0,10,4.04864836,0,0,5.36112547,0,0.00408633752
0.0473999977,MPC,-0.512260497,9.65961361,0,10,2.61514711,0,0,5.21804667,0,0.00420418335
0.0475999974,MPC,0.00390081853,9.99948597,0,10,2.97410846,0,0,5.39970732,0,0.00586820533
0.047799997,MPC,0.34217301,9.94964409,0,10,3.04507518,0,0,5.37153101,0,0.00403998001
0.0480000004,MPC,0.662581623,9.8920908,0,10,3.10194874,0,0,5.33927107,0,0.00400545634
0.0482000001,MPC,-0.492887795,9.73225307,0,10,1.70245123,0,0,5.25721502,0,0.00454006903
0.0483999997,MPC,0.175906911,9.96570778,0,10,2.16274095,0,0,5.38082457,0,0.00550629199
0.0485999994,MPC,0.608126998,9.87145042,0,10,2.32659698,0,0,5.32833195,0,0.00391533365
0.0487999991,MPC,-0.477279127,9.77742195,0,10,0.9970842,0,0,5.28155756,0,0.0046640248
0.0489999987,MPC,0.287603229,9.9294796,0,10,1.52995908,0,0,5.36084795,0,0.00524392957
0.0491999984,MPC,-0.5676862,9.7615118,0,10,0.414992154,0,0,5.27329397,0,0.00406357134
0.049399998,MPC,0.309046775,9.91331863,0,10,1.05503953,0,0,5.35204268,0,0.0053552473
0.0495999977,MPC,-0.526596963,9.80142117,0,10,-0.0333337821,0,0,5.29470301,0,0.004252268
0.0497999974,MPC,0.382673919,9.87849903,0,10,0.630934536,0,0,5.33297157,0,0.0050884611
